ARO Accession	CVTERM ID	ARO Name	PMID	DOI	ISBN
ARO:3003389	39973	Mycobacterium leprae folP with mutation conferring resistance to dapsone	11709358;15603834;21115799
ARO:3003390	39974	Escherichia coli ompF with mutation conferring resistance to beta-lactam antibiotics	10639355
ARO:3003057	39491	smeF	11709330
ARO:3003392	39976	Mycobacterium tuberculosis katG mutations conferring resistance to isoniazid	;35944069;36635309;30337678;34642828;30583053;31100498;28904673;19520719;18508939;10645439;7798673;21330112;26092854;26157154;24468786;25093512;24626681;24184004;8585728;26251830;20211896;20054829;16870753;14638486;23744165;22808802		978-92-4-008241-0
ARO:3003393	39977	Mycobacterium tuberculosis inhA mutations conferring resistance to isoniazid	;35944069;30337678;30583053;16870753;23539241;16495272;14638486;7637495;9728546;22808802;8284673;21300839		978-92-4-008241-0
ARO:3003394	39978	Mycobacterium tuberculosis pncA mutations conferring resistance to pyrazinamide	39067961;35944069;36209317;11429043;30337678;31910878;25336456;17596354;10471589;11641519;11158123;9056006;10390239;10681313;10390238;9055989;10813147;17360809;9692180;11083630;19234602;21300839		;978-92-4-008241-0
ARO:3000379	36518	OprM	16511029;15797729;16508113
ARO:3003480	40076	Mycobacterium tuberculosis 16S rRNA mutation conferring resistance to streptomycin	;35944069;35072512;30337678;8192448;18541729;8913445;7934937;9244267		978-92-4-008241-0
ARO:3003395	39979	Mycobacterium tuberculosis rpsL mutations conferring resistance to streptomycin	;35944069;30337678;7968530;15305490;17238915;7934937;22943573;8849220		978-92-4-008241-0
ARO:3000848	37228	DIM-1	20308383
ARO:3000659	37003	gatifloxacin	8522459
ARO:3003061	39495	vph	2987648
ARO:3003396	39980	Escherichia coli 16S rRNA (rrsB) mutation conferring resistance to gentamicin C	11502507
ARO:3000112	36251	multidrug and toxic compound extrusion (MATE) transporter	16330770;19100867
ARO:3001120	37500	SHV-65	17288792
ARO:3001127	37507	SHV-73	19272757
ARO:3001133	37513	SHV-79	19272757
ARO:3001144	37524	SHV-92	18029415
ARO:3003397	39981	Escherichia coli 16S rRNA (rrsB) mutation conferring resistance to G418	11502507
ARO:3002577	38977	AAC(6')-Ib4	1339319
ARO:3003398	39982	undecaprenyl pyrophosphate related proteins	17660416
ARO:3000010	36019	vanA	9177243
ARO:3000476	36615	tet(31)	21145184;12383729;11381101
ARO:3000479	36618	aminocoumarin resistant gyrB	9797224;21693461;21996946;14993313;16868863;12604514
ARO:3003399	39983	Escherichia coli 16S rRNA (rrsB) mutation conferring resistance to kanamycin A	11502507
ARO:3000861	37241	rmtC	26488937;16377684;21177880;20350396
ARO:3000862	37242	sgm	20194115
ARO:3000265	36404	porin OmpF	19100346;2848006
ARO:3003402	39986	Escherichia coli 16S rRNA (rrsB) mutation conferring resistance to neomycin	11502507
ARO:3003403	39987	Escherichia coli 16S rRNA (rrsB) mutation conferring resistance to paromomycin	11502507
ARO:3003404	39988	Escherichia coli 16S rRNA mutation conferring resistance to streptomycin	16269538
ARO:3003405	39989	Escherichia coli 16S rRNA (rrsB) mutation conferring resistance to streptomycin	3054810
ARO:3003445	40038	Mycobacterium tuberculosis tlyA mutations conferring resistance to aminoglycosides	30337678;15673735
ARO:3000937	37317	TEM-71	12019125
ARO:3003406	39990	Escherichia coli 16S rRNA (rrnB) mutation conferring resistance to streptomycin	16269538
ARO:3003407	39991	Escherichia coli 16S rRNA mutation conferring resistance to tobramycin	11502507
ARO:3003408	39992	Escherichia coli 16S rRNA (rrsB) mutation conferring resistance to tobramycin	11502507
ARO:3003409	39993	Escherichia coli 16S rRNA mutation conferring resistance to tetracycline	16269538
ARO:3003410	39994	Escherichia coli 16S rRNA (rrsB) mutation conferring resistance to tetracycline	9661007
ARO:3003412	39996	dapsone	16361748;11511841
ARO:3003413	39997	pyrazinamide	26104205
ARO:3003414	39998	LFF571	22644023
ARO:3003333	39917	Escherichia coli 16S rRNA (rrsC) mutation conferring resistance to kasugamicin	10512710
ARO:3003361	39945	Planobispora rosea EF-Tu mutants conferring resistance to inhibitor GE2270A	12370016;8899707
ARO:3003367	39951	Escherichia coli 16S rRNA mutation conferring resistance to spectinomycin	6330677;16269538
ARO:3003368	39952	Escherichia coli EF-Tu mutants conferring resistance to kirromycin	1552908;7525272;12370016
ARO:3003369	39953	Escherichia coli EF-Tu mutants conferring resistance to Pulvomycin	7957075
ARO:3003371	39955	Clostridium difficile EF-Tu mutants conferring resistance to kirromycin	9043138
ARO:3003372	39956	Escherichia coli 16S rRNA (rrsH) mutation conferring resistance to spectinomycin	6330677
ARO:3003373	39957	Klebsiella pneumoniae acrR with mutation conferring multidrug antibiotic resistance	25182649;12936981
ARO:3003374	39958	Enterobacter aerogenes acrR with mutation conferring multidrug antibiotic resistance	12121946
ARO:3003376	39960	Escherichia coli 16S rRNA (rrsB) mutation conferring resistance to spectinomycin	7885842;2447957;8127669
ARO:3003377	39961	Escherichia coli 16S rRNA (rrnB) mutation conferring resistance to spectinomycin	16269538
ARO:3003378	39962	Escherichia coli MarR with mutation associated with multidrug resistance	10760140;8807064;9687412;11302826;8550435;12027588;9333027
ARO:3003379	39963	Salmonella enterica ramR mutants	19778917;19104017;18443112;19270312
ARO:3003380	39964	Klebsiella pneumoniae ramR mutants	25182649
ARO:3003381	39965	Escherichia coli soxR with mutation conferring antibiotic resistance	11302826;15980345;21226770
ARO:3003382	39966	Salmonella enterica soxR with mutation conferring antibiotic resistance	11302826;19104017
ARO:3003383	39967	Salmonella serovars soxS with mutation conferring antibiotic resistance	19104017
ARO:3003385	39969	Klebsiella aerogenes Omp36	15081418
ARO:3003370	39954	Escherichia coli EF-Tu mutants conferring resistance to Enacyloxin IIa	10610785
ARO:3002427	38827	OKP-A-10	16304190
ARO:3003094	39647	imiH	12746371
ARO:3003095	39648	imiS	9527802
ARO:3003096	39649	CfxA5	24606061
ARO:3003097	39650	CfxA6	19713526
ARO:3002537	38937	AAC(3)-IIIb	20387903
ARO:3000206	36345	emrK	12501312
ARO:3003001	39435	CfxA	8517690
ARO:3000765	37145	antibiotic sensitive embB	18174142
ARO:3003002	39436	CfxA2	11451705
ARO:3002403	38803	OXY-2-8	12019142
ARO:3000053	36192	peptide antibiotic	10348745;18065456
ARO:3000054	36193	acridine dye	11152426
ARO:3003283	39867	Mycobacterium tuberculosis rpoB with mutations conferring resistance to rifampicin	;35944069;30337678;31100498;8095569;28904673;19520715;18653964;17970586;7840574;10074552;7914261;15728936;11474030;18600483;15814606;10921994;9003625;18294243;19721079;11796356;8027320;15184414;19547874;10423225;12454132;8870258;10722516;10645439;17360809;25427352;22708343;21300839;11136757;17108078;15047531		978-92-4-008241-0
ARO:3003013	39447	dfrA15	16980697
ARO:3003284	39868	Mycobacterium leprae rpoB mutations conferring resistance to rifampicin	15603834
ARO:3003287	39871	Staphylococcus aureus rpoB mutants conferring resistance to daptomycin	20837752;16723576
ARO:3000076	36215	class C beta-lactamase	19822890
ARO:3000077	36216	vanY	24711382;16323116
ARO:3000079	36218	oxazolidinone antibiotic	18757750
ARO:3000094	36233	OCH beta-lactamase	11451692
ARO:3000097	36236	LEN beta-lactamase	15215087
ARO:3000098	36237	PDC beta-lactamase	19258272
ARO:3002431	38831	OKP-A-14	22143810
ARO:3000650	36994	cefdinir	8026155
ARO:3000651	36995	ceftaroline	27721280;21467022;18827379
ARO:3000665	37009	grepafloxacin	15992094;18159374
ARO:3002435	38835	OKP-B-2	16304190
ARO:3002753	39187	QnrB38	21844311
ARO:3000186	36325	tet(M)	19475445
ARO:3000188	36327	trimethoprim	11432417;18024520
ARO:3000190	36329	tet(O)	9848445;2841293
ARO:3000191	36330	tet(Q)	9372425;20826220
ARO:3000408	36547	determinant of sulfonamide resistance	12604565;11432417
ARO:3003014	39448	dfrA16	17233727
ARO:3002757	39191	QnrB42	22850691
ARO:0000007	35926	dibekacin	11083623;8385262;10103173
ARO:0000008	35927	cefoxitin	3487346;11585791;15673804
ARO:0000073	35990	meropenem	18416587
ARO:0000074	35991	moxifloxacin	10193688;11858629
ARO:3000721	37101	cell wall component targeted by antibiotic	4568761
ARO:3000722	37102	cycloserine sensitive alr	4555420;19748470
ARO:3000724	37104	fosfomycin sensitive pyruvyl transferase (murA)	4605290
ARO:3000726	37106	pentaglycyl bridge	18258256
ARO:3000727	37107	50S ribosomal subunit	10445875;16257828
ARO:3000025	36034	patB	20709735;20937787
ARO:3003288	39872	Escherichia coli rpoB mutants conferring resistance to rifampicin	31992637;3050121
ARO:3002578	38978	AAC(6')-Ib7	9527761
ARO:3003291	39875	Staphylococcus aureus rpoC conferring resistance to daptomycin	16723576
ARO:3003292	39876	fluoroquinolone resistant gyrA	22279180;22371897;12499219;1850972;9293187
ARO:3003294	39878	Escherichia coli gyrA conferring resistance to fluoroquinolones	2548439;2168148;8388197;7840592;25631675;1850972
ARO:3003295	39879	Mycobacterium tuberculosis gyrA conferring resistance to fluoroquinolones	;35944069;30337678;27847014;16584301;17434825;19687244;17015625;16377674;17035499;8031045;21300839		978-92-4-008241-0
ARO:3003296	39880	Staphylococcus aureus gyrA conferring resistance to fluoroquinolones	21996946
ARO:3003297	39881	Bartonella bacilliformis gyrA conferring resistance to fluoroquinolones	12499219
ARO:3003298	39882	Mycobacterium leprae gyrA conferring resistance to fluoroquinolones	15603834
ARO:3003301	39885	Staphylococcus aureus gyrB conferring resistance to aminocoumarin	16127057
ARO:3003302	39886	Bartonella bacilliformis gyrB conferring resistance to aminocoumarin	9797224
ARO:3003303	39887	Escherichia coli gyrB conferring resistance to aminocoumarin	1323022
ARO:3003304	39888	Mycobacterium leprae gyrB conferring resistance to fluoroquinolones	23071850
ARO:3003267	39851	Mycobacterium smegmatis 16S rRNA mutation conferring resistance to streptomycin	11557484
ARO:3003268	39852	Mycobacterium smegmatis 16S rRNA mutation conferring resistance to hygromycin B	12709313
ARO:3003269	39853	Mycobacterium smegmatis 16S rRNA mutation conferring resistance to kanamycin A	9244267
ARO:3003270	39854	Mycobacterium smegmatis 16S rRNA mutation conferring resistance to neomycin	9244267
ARO:3003272	39856	daptomycin resistant cls	9370333;23114777
ARO:3003275	39859	Daptomycin sensitive cardiolipin synthetase	21899450
ARO:3003278	39862	daptomycin sensitive beta-subunit of RNA polymerase (rpoB)	20837752
ARO:3003279	39863	antibiotic resistant liaFSR system	19251860
ARO:3003280	39864	antibiotic sensitive mprF	20498310;16723576
ARO:3003281	39865	antibiotic sensitive pgsA	21709092
ARO:3003239	39823	Mycobacteroides abscessus 16S rRNA mutation conferring resistance to amikacin	21652621;9607835
ARO:3003240	39824	Mycobacteroides abscessus 16S rRNA mutation conferring resistance to gentamicin	21652621;9607835
ARO:3003241	39825	teixobactin	25561178
ARO:3003440	40024	mecB	24302651
ARO:3002410	38810	OXY-4-1	12807183
ARO:3002538	38938	AAC(3)-IIIc	8385262
ARO:3003200	39784	AAC(6')-Ian	25576529
ARO:3003575	40185	LpxD	24189257;20855724
ARO:3003585	40195	Klebsiella mutant PhoP conferring antibiotic resistance to colistin	25733503
ARO:3003568	40178	magainin B	2285300
ARO:3003569	40179	magainin G	2285300
ARO:3003570	40180	magainin H	2285300
ARO:3003571	40181	magainin 1	3277183
ARO:3003573	40183	LpxA	24189257;20855724
ARO:3003574	40184	LpxC	24189257;20855724
ARO:3003576	40186	eptA	15205413
ARO:3003579	40189	basRS	24412662
ARO:3003581	40191	Acinetobacter mutant Lpx gene conferring resistance to colistin	21402838;24189257
ARO:3003582	40192	basR	25006521;24412662
ARO:3003583	40193	basS	14507375;25006521
ARO:3003008	39442	CeoAB-OpcM	16857052
ARO:3002390	38790	OXY-1-2	16048960
ARO:3000197	36336	tet(36)	12839793
ARO:3002391	38791	OXY-1-3	12807183
ARO:3002392	38792	OXY-1-4	12807183
ARO:3000130	36269	edeine A	14731399;70202;4984939
ARO:3002411	38811	OXY-5-1	16048960
ARO:3002412	38812	OXY-5-2	16048960
ARO:3002540	38940	AAC(3)-VIa	8257126;19949054
ARO:3000035	36175	lipopeptide antibiotic	19156787
ARO:3000036	36176	tetracycline inactivation enzyme	24497223
ARO:3002541	38941	AAC(3)-VIIa	2914849
ARO:3000037	36177	Pfam-HMM	20180275;19920124
ARO:3000841	37221	CGB-1	12183230
ARO:3000846	37226	SIM-1	16251286
ARO:3000851	37231	THIN-B	15561856
ARO:3000853	37233	AIM-1	22985886
ARO:3000842	37222	EBR-1	12234848
ARO:3000847	37227	KHM-1	18765691
ARO:3000854	37234	SMB-1	22442240
ARO:3000843	37223	MUS-1	12384365
ARO:3000855	37235	CAU-1	12019096
ARO:3002542	38942	AAC(3)-VIIIa	2060791
ARO:3002414	38814	OXY-6-2	16048960
ARO:3002425	38825	OKP-A-8	16304190
ARO:3002426	38826	OKP-A-9	16304190
ARO:3000060	36199	IND beta-lactamase	10077836
ARO:3000080	36219	aminonucleoside antibiotic	8576156
ARO:3002519	38919	OCH-6	11451692
ARO:3002433	38833	OKP-A-16	22143810
ARO:3002543	38943	AAC(3)-IXa	2060791
ARO:3002422	38822	OKP-A-5	16304190
ARO:3000089	36228	AER beta-lactamase	9687391
ARO:3000090	36229	Bla1	27557855;12760895
ARO:3000629	36973	bacitracin A	6752975
ARO:3000630	36974	bacitracin B	6752975
ARO:3000164	36303	Ribosomal RNA methyltransferase conferring antibiotic resistance	1929280
ARO:3000165	36304	tet(A)	8821947;15837373
ARO:3000166	36305	tet(B)	15837373
ARO:3000167	36306	tet(C)	6307828
ARO:3000648	36992	ceftibuten	7520858;9296244
ARO:3003462	40055	antibiotic resistant kasA	10428945
ARO:3000645	36989	cefotaxime	2083516
ARO:3000646	36990	cefixime	2684593
ARO:3000647	36991	cefpodoxime	1280571;18611588
ARO:3003463	40056	Mycobacterium tuberculosis kasA mutant conferring resistance to isoniazid	30337678;10428945;9616124
ARO:3000649	36993	cefditoren	7813385
ARO:3000182	36321	tet(Y)	15837373
ARO:3000183	36322	tet(Z)	15837373
ARO:3000184	36323	chloroeremomycin	11942828;11035791;9545426
ARO:3002513	38913	LRA-19	18843302
ARO:3002455	38855	LEN-2	15215087
ARO:3000199	36338	gramicidin D	9672588;17572379
ARO:3000200	36339	gramicidin S	10590309;8836773
ARO:3002437	38837	OKP-B-4	16304190
ARO:3000202	36341	Cfr-like 23S rRNA methyltransferase	28663118;22547628;23752511;20598637;20144045;11476839;17555436
ARO:3000203	36342	hydrolysis of beta-lactam antibiotic by metallo-beta-lactamase	20564281
ARO:3002440	38840	OKP-B-7	16304190
ARO:3000632	36976	benzylpenicillin	4610013
ARO:3000213	36352	restructuring of bacterial cell wall conferring antibiotic resistance	1931965;9177243
ARO:3000458	36597	macrolide glycosyltransferase	17376874
ARO:3000446	36585	antibiotic-resistant isoleucyl-tRNA synthetase (ileS)	11796355;21421794;22252810;8067768;11599741
ARO:0000061	35978	ceftobiprole	22064544
ARO:0000062	35979	ceftriaxone	6810737
ARO:3000004	36013	class B (metallo-) beta-lactamase	15215079;14629034
ARO:3003070	39600	vanX gene in vanD cluster	12499162
ARO:3000780	37160	adeI	18086852
ARO:3000786	37166	MdsABC	39816264;17919284;20497225
ARO:3002453	38853	OKP-B-20	19128913
ARO:3002545	38945	AAC(6')-Ia	2826403;1314803
ARO:3000664	37008	trovafloxacin	8043036
ARO:3001714	38114	OXA-215	22128805
ARO:3000834	37214	phoP	24412662
ARO:3002563	38963	AAC(6')-Isa	15625322
ARO:3002399	38799	OXY-2-4	10223957
ARO:3002571	38971	AAC(6')-Iaa	12679553
ARO:3002797	39231	QnrS8	26618005
ARO:3002400	38800	OXY-2-5	12807183
ARO:3002417	38817	OKP beta-lactamase	16304190;22143810
ARO:3001225	37624	megalomycin	5810991
ARO:3002516	38916	OCH-3	11451692
ARO:3001084	37464	SHV-26	11502506
ARO:3002462	38862	LEN-12	15215087
ARO:3000104	36243	determinant of aminoglycoside resistance	20833577
ARO:3000111	36250	novobiocin	10770754;4680802;8231802
ARO:3000113	36252	vga-type ABC-F protein	20876620;21768510;15728891
ARO:3000116	36255	vanZ	16323116
ARO:3000117	36256	antibiotic A47934	12060705;16492565;9435111;17884639
ARO:3002464	38864	LEN-16	15980410
ARO:3002466	38866	LEN-19	19128913
ARO:3002467	38867	LEN-20	19128913
ARO:3000567	36706	tet(40)	18779355
ARO:3001039	37419	TEM-173	21903826
ARO:3002536	38936	AAC(3)-IIIa	1649572
ARO:3002381	38781	SME-3	17005839
ARO:3000461	36600	florfenicol	15539072
ARO:3003048	39482	rosA	10931306
ARO:3000497	36636	ethambutol	18242089
ARO:3003052	39486	smeB	11796339
ARO:0010003	36004	small multidrug resistance (SMR) antibiotic efflux pump	17942072
ARO:3002554	38954	AAC(6')-Ig	8257129;7810994
ARO:3002555	38955	AAC(6')-Ih	7810994
ARO:3002556	38956	AAC(6')-Ii	12767240;10378269;8239603
ARO:3001322	37721	phenelfamycin G	21285962
ARO:3001323	37722	phenelfamycin H	21285962
ARO:3001309	37708	cyclic thiazolyl peptide elfamycin	12370016
ARO:3001312	37711	elfamycin resistant EF-Tu	7525272;10610785;7957075;12370016;7925958;8899707
ARO:3001313	37712	facT		10.1039/C2MD20038D
ARO:3002580	38980	AAC(6')-Ib9	9835500
ARO:3002559	38959	AAC(6')-Ip	11557456;9021185;7793874
ARO:3002488	38888	LRA-9	18843302
ARO:3002655	39055	APH(4)-Ia	6314265
ARO:3002489	38889	LRA-10	18843302
ARO:0000051	35968	tetracycline	19862477;11381101
ARO:0000070	35987	ertapenem	27572414;12951340
ARO:3000114	36253	aminoglycoside phosphotransferase (APH)	20833577;9872733
ARO:3003032	39466	MexXY-OprM	23233851;21149619;12654672;9925549
ARO:3003033	39467	mexY	9925549
ARO:3001250	37649	phenelfamycin B	2921230;3192490;3192489
ARO:3003036	39470	oleB	9003412
ARO:3000602	36741	Erm(39)	15590712
ARO:3000603	36742	Erm(41)	27244062
ARO:3001463	37863	OXA-158	26349828
ARO:3000844	37224	TUS-1	12384365
ARO:3000565	36704	tet(38)	15774883
ARO:3000566	36705	tet(39)	15761075
ARO:3000536	36675	Streptomyces spheroides novobiocin biosynthetic gene cluster	10801869;10770754
ARO:3001237	37636	GE2270A	20111801;20522549;10625477;8899707;16734421
ARO:3001242	37641	enacyloxin IIa	8665868;12370016
ARO:3001246	37645	kirrothricin	7142013
ARO:3001247	37646	azimycin	3904612
ARO:3001258	37657	L-681,217	3781906
ARO:3001248	37647	dihydromocimycin	2272911;3781906
ARO:3001260	37659	amythiamicin A	7706132
ARO:3001249	37648	phenelfamycin A	2921230;3192490;3192489
ARO:3001251	37650	phenelfamycin C	2921230;3192490;3192489
ARO:3001252	37651	phenelfamycin D	2921230;3192490;3192489
ARO:3001253	37652	phenelfamycin E	2921230;3192490;3192489
ARO:3001256	37655	phenelfamycin F	2921230;3192490;3192489
ARO:3000531	36670	baeSR	15716448;12107134
ARO:3003038	39472	MexXY-OprA	22282519
ARO:3000918	37298	TEM-49	9517925
ARO:3000628	36972	polymyxin B4	11330807
ARO:3003043	39477	Streptococcus pneumoniae PBP2x conferring resistance to amoxicillin	18394970
ARO:3000789	37169	mdsA	17919284;20497225
ARO:3003007	39441	bmr	9079903;1675788
ARO:3001778	38178	OXA-232	23305656
ARO:3000545	36684	MacAB-TolC	16359323
ARO:3000504	36643	golS	20807206;17919284
ARO:3000465	36604	ole glycosyltransferase	15984838;9680207;17376874
ARO:3001293	37692	desR	14674753;18635010;23225731;9770448
ARO:3001824	38224	ACT-5	23643553
ARO:3000493	36632	Mutant porin ompF with reduced permeability to beta-lactams	10639355;11454211
ARO:3003041	39475	Streptococcus pneumoniae PBP1a conferring resistance to amoxicillin	18394970
ARO:3003563	40170	RCP-1	2788410
ARO:3003564	40172	EXO-1	1540134
ARO:3000157	36296	rifamycin antibiotic	15700959
ARO:3003307	39891	Salmonella serovars gyrB conferring resistance to fluoroquinolones	19104017
ARO:3002748	39182	QnrB33	21844311
ARO:3002484	38884	LRA-13	18843302
ARO:3000168	36307	tet(D)	15837373
ARO:3002505	38905	PDC-6	19258272
ARO:3001809	38209	OXA-209	21820820
ARO:3002036	38436	CMY-25	19523051
ARO:3002037	38437	CMY-26	17720829
ARO:3000953	37333	TEM-86	15855509
ARO:3000952	37332	TEM-85	15855509
ARO:3000723	37103	cycloserine sensitive D-alanine synthetase	14479178
ARO:3000261	36400	sigma factor conferring resistance to rifampin	9862449
ARO:3000391	36530	norA	8431010;12730173;15774883
ARO:3002998	39432	CblA beta-lactamase	7985999
ARO:3000160	36299	blaI	12654668
ARO:3001770	38170	OXA-43	12356787
ARO:3001781	38181	OXA-47	14693513
ARO:3001792	38192	OXA-62	16569848
ARO:3001924	38324	CTX-M-63	21034262
ARO:3002157	38557	FOX-3	9527810
ARO:3002158	38558	FOX-4	10952615
ARO:3002120	38520	CMY-108	24500191
ARO:3001219	37618	elfamycin antibiotic	12370016;16876786
ARO:3001220	37619	factumycin	7166535
ARO:3001221	37620	josamycin	5482762
ARO:3001205	37586	BRP(MBL)	18791008;22290943
ARO:3001206	37587	antibiotic inactivation by sequestration	18791008
ARO:3001228	37627	carbomycin	24542077
ARO:3001970	38370	CTX-M-110	21859815
ARO:3000946	37326	TEM-79	10991849
ARO:3000951	37331	TEM-84	10991849
ARO:3002356	38756	NDM-6	22526013
ARO:3000503	36642	AcrEF-TolC	12937021;16267305;1720861;18984645;8647368
ARO:3002481	38881	AER-1	3890725
ARO:3001664	38064	OXA-203	21289143
ARO:3001264	37663	heneicomycin	468738;1917698
ARO:3002343	38743	GES-14	20805394
ARO:3000234	36373	glycopeptide resistance gene cluster	16323116
ARO:3001420	37820	OXA-25	11158758
ARO:3001425	37825	OXA-31	11353602
ARO:3000508	36647	gadX	18297445
ARO:3000510	36649	Staphylococcus aureus mupB conferring resistance to mupirocin	22252810
ARO:3000494	36633	determinant of resistance to glycopeptide antibiotics	16323116
ARO:3001431	37831	OXA-37	12523622
ARO:3001233	37632	pikromycin	14862824
ARO:3000666	37010	sparfloxacin	1317145
ARO:3001464	37864	OXA-159	26349828
ARO:3002595	38995	AAC(6')-IIb	8385262
ARO:3003511	40113	Escherichia coli soxS with mutation conferring antibiotic resistance	25921515
ARO:3003515	40117	Mycobacteroides chelonae 16S rRNA mutation conferring resistance to kanamycin A	9607835
ARO:3003539	40141	Mycolicibacterium smegmatis 16S rRNA (rrsA) mutation conferring resistance to hygromycin B	12709313
ARO:3003540	40142	Mycolicibacterium smegmatis 16S rRNA (rrsB) mutation conferring resistance to hygromycin B	12709313
ARO:3003541	40143	Mycolicibacterium smegmatis 16S rRNA (rrsB) mutation conferring resistance to streptomycin	11557484
ARO:3003479	40072	tetR	3062183
ARO:3003446	40039	antibiotic resistant iniA	15752203
ARO:3003448	40041	Mycobacterium tuberculosis iniA mutant conferring resistance to ethambutol	12654653;10639358
ARO:3003449	40042	Antibiotic resistant iniC	15752203
ARO:3003451	40044	Mycobacterium tuberculosis iniC mutant conferring resistance to ethambutol	12654653;16272473;10639358
ARO:3003517	40119	Mycobacteroides chelonae 16S rRNA mutation conferring resistance to gentamicin C	9607835
ARO:3003484	40086	Chlamydophila psittaci 16S rRNA mutation conferring resistance to aminoglycosides	15980362
ARO:3003485	40087	Chlamydophila psittaci 16S rRNA mutation conferring resistance to spectinomycin	15980362
ARO:3003492	40094	Pasteurella multocida 16S rRNA mutation conferring resistance to aminoglycosides	17371823
ARO:3003493	40095	Pasteurella multocida 16S rRNA mutation conferring resistance to spectinomycin	17371823
ARO:3003494	40096	Neisseria gonorrhoeae 16S rRNA mutation conferring resistance to aminoglycosides	10770780
ARO:3003495	40097	Neisseria gonorrhoeae 16S rRNA mutation conferring resistance to spectinomycin	10770780
ARO:3003496	40098	Neisseria meningitidis 16S rRNA mutation conferring resistance to aminoglycosides	10770780
ARO:3003497	40099	Neisseria meningitidis 16S rRNA mutation conferring resistance to spectinomycin	10770780
ARO:3003498	40100	Propionibacterium acnes 16S rRNA mutation conferring resistance to tetracycline derivative	9661007
ARO:3003499	40101	Cutibacterium acnes 16S rRNA mutation conferring resistance to tetracycline	9661007
ARO:3003501	40103	Borrelia burgdorferi 16S rRNA mutation conferring resistance to aminoglycosides	16436695
ARO:3003502	40104	Borreliella burgdorferi 16S rRNA mutation conferring resistance to spectinomycin	16436695
ARO:3003503	40105	Borreliella burgdorferi 16S rRNA mutation conferring resistance to kanamycin	16436695
ARO:3003504	40106	Borreliella burgdorferi 16S rRNA mutation conferring resistance to gentamicin	16436695
ARO:3003507	40109	Salmonella enterica serovar Typhimurium 16S rRNA mutation conferring resistance to aminoglycosides	12402084
ARO:3003508	40110	Salmonella enterica 16S rRNA mutation conferring resistance to spectinomycin	12402084
ARO:3003509	40111	Helicobacter pylori 16S rRNA mutation conferring resistance to tetracycline derivative	11914344;12435699
ARO:3003510	40112	Helicobacter pylori 16S rRNA mutation conferring resistance to tetracycline	20035020;12183259;11914344;12435699
ARO:3003055	39489	smeD	11709330
ARO:3000498	36637	ErmF	26219215
ARO:3002534	38934	AAC(3)-IIb	1444303;8385262
ARO:0000058	35975	cefazolin	27572414;4790605
ARO:3000057	36196	NDM beta-lactamase	24165671;22078325;21930874;19770275;21393184;21624908;21507902;20705517
ARO:3000059	36198	KPC beta-lactamase	19493866;17441734
ARO:3002413	38813	OXY-6-1	16048960
ARO:3002424	38824	OKP-A-7	16304190
ARO:3000641	36985	cefalexin	4559812
ARO:3000642	36986	cefadroxil	3542485
ARO:3003464	40057	rifamycin-resistant arabinosyltransferase	17846128
ARO:3000172	36311	FosB	24004181;24447055
ARO:3000173	36312	tet(E)	15837373
ARO:3000174	36313	tet(G)	15837373
ARO:3000175	36314	tet(H)	15837373
ARO:3000176	36315	dirithromycin	7683018
ARO:3000177	36316	tet(J)	15837373
ARO:3002409	38809	OXY-3-1	12807183
ARO:3000179	36318	tet(L)	3324958;15837373
ARO:3000180	36319	tetA(P)	14702405;15837373
ARO:3000181	36320	tet(V)	22673307;9687386;15837373
ARO:3002997	39431	LCR-1	1495394
ARO:3000195	36334	tetB(P)	15837373
ARO:3002436	38836	OKP-B-3	16304190
ARO:3002544	38944	AAC(3)-Xa	10639379
ARO:3002441	38841	OKP-B-8	16304190
ARO:3002439	38839	OKP-B-6	15980410
ARO:3000584	36723	quinupristin	15700955;9746015
ARO:3000661	37005	nalidixic acid	18159374
ARO:3000667	37011	demeclocycline	194065
ARO:3000669	37013	virginiamycin M1	15700955
ARO:3000670	37014	pleuromutilin antibiotic	11555289;15554968;16569865;20112168;931799;17360517
ARO:3003235	39819	Mycobacterium abscessus 16S rRNA mutation conferring resistance to aminoglycosides	21652621;9607835
ARO:3000329	36468	sulfamethoxazole	1093654
ARO:3002502	38902	PDC-5	33416461;19258272
ARO:3001709	38109	OXA-182	20884158
ARO:3002726	39160	QnrB12	18086833
ARO:3002460	38860	LEN-10	15215087
ARO:3001678	38078	OXA-237	23439638
ARO:3001687	38087	OXA-316	24247131
ARO:3000443	36582	rifampin glycosyltransferase	22802246;8328779
ARO:3002456	38856	LEN-5	15215087
ARO:3001708	38108	OXA-105	18195058
ARO:3000894	37274	TEM-24	2558614;9925535;1416873
ARO:3000966	37346	TEM-103	12384377
ARO:3001768	38168	OXA-118	11972706
ARO:3002786	39220	QnrB74	26259681
ARO:3002418	38818	OKP-A-1	16304190
ARO:3003005	39439	CfxA4	25460195
ARO:3002539	38939	AAC(3)-IVa	19709289;6318050
ARO:3000622	36966	colistin A	19157746;20818945
ARO:3000734	37114	antibiotic sensitive DNA topoisomerase subunit gyrB	1657531;9293187
ARO:3001297	37696	oleR	9680207
ARO:3000244	36383	reduced permeability to antibiotic	19100346;2848006
ARO:3002463	38863	LEN-13	19965433;15215087
ARO:3003211	39795	16S rRNA with mutation conferring antibiotic resistance	8065453;16269538;16261170
ARO:3003021	39455	dfrB2	19719593;17261525
ARO:3000675	37019	pristinamycin IB	15700955
ARO:3000677	37021	virginiamycin S2	15700955
ARO:3000662	37006	norfloxacin	3908074
ARO:3000462	36601	mgtA	1605601;1612452
ARO:3002785	39219	QnrB73	26169406
ARO:3002388	38788	OXY beta-lactamase	23090395
ARO:3002511	38911	LRA-12	18843302
ARO:3000008	36017	penicillin beta-lactam	3889939
ARO:3000121	36260	aminoglycoside acetyltransferase (AAC)	20833577
ARO:3000034	36174	nucleoside antibiotic	3061990;18679046
ARO:3002444	38844	OKP-B-11	16304190
ARO:3003051	39485	smeA	11796339
ARO:3000119	36258	edeine	70202
ARO:3001307	37706	vgbA	15734650;11467949;17563376
ARO:3002557	38957	AAC(6')-Ij	7810994
ARO:3002558	38958	AAC(6')-Ik	8001769
ARO:3000933	37313	TEM-66	10543745
ARO:3002588	38988	AAC(6')-I30	15231768
ARO:3002547	38947	AAC(6')-Ib-cr1	18812424;18710261;16369542
ARO:3002589	38989	AAC(6')-Iid	15849260
ARO:3000599	36738	Erm(33)	12384375
ARO:3000068	36207	DHA beta-lactamase	9736562
ARO:3002349	38749	GES-20	22526300
ARO:3000959	37339	TEM-92	11257046
ARO:3000604	36743	Erm(35)	1804017
ARO:3000605	36744	Erm(36)	12177341
ARO:3002494	38894	SRT-2	15183862
ARO:3000679	37023	vernamycin C	15700955
ARO:3000067	36206	FOX beta-lactamase	7811034
ARO:3000258	36397	ErmC'	10366505;9585521;7543473;3087948;2440853
ARO:3000259	36398	glycopeptide resistance gene cluster VanE	12019119;10471558;12426332;16323116
ARO:3003182	39759	NDM-13	26169399
ARO:3003149	39726	OXA-426	25487793
ARO:3003183	39760	NDM-14	25645836
ARO:3000761	37141	mecillinam	6310995
ARO:3000762	37142	pefloxacin	2663414
ARO:3000763	37143	antibiotic sensitive embC	18174142
ARO:3000764	37144	antibiotic sensitive embA	18174142
ARO:3000725	37105	antibiotic sensitive aftA	19596878;18174142
ARO:3001296	37695	kasugamycin	5883494
ARO:3002548	38948	AAC(6')-IId	9527761
ARO:3001641	38041	OXA-110	17391399
ARO:3001798	38198	OXA-74	17634312
ARO:3002454	38854	LEN-1	3533626
ARO:3001819	38219	ACC-5	24267783
ARO:3003558	40163	y56 beta-lactamase	16553870
ARO:3001294	37693	verdamicin	1137376
ARO:3003565	40174	R39	2515104
ARO:3003312	39896	Staphylococcus aureus parC conferring resistance to fluoroquinolones	21996946
ARO:3002394	38794	OXY-1-6	10223957
ARO:3002731	39165	QnrB16	19392890
ARO:3002779	39213	QnrB67	24247140
ARO:3000932	37312	TEM-65	10543745
ARO:3001327	37726	MdtK	16359323
ARO:3001069	37449	SHV-10	9087500
ARO:3001227	37626	kitasamycin	1838760
ARO:3003006	39440	blt	7608059
ARO:3000320	36459	macrolide esterase	22303981
ARO:3000840	37220	JOHN-1	12562690
ARO:3003316	39900	Escherichia coli parE conferring resistance to fluoroquinolones	25631675
ARO:3002622	39022	aadA6/aadA10	16495246
ARO:3002623	39023	ANT(4')-Ia	659332;3010356
ARO:3002624	39024	ANT(4')-IIa	1965106;8494365
ARO:3002625	39025	ANT(4')-IIb	12709326
ARO:3002182	38582	MOX-1	8112596
ARO:3002183	38583	MOX-2	12069985
ARO:3002841	39275	vatB	8540711
ARO:3002842	39276	vatC	9661023
ARO:3002791	39225	QnrS2	16804843
ARO:3002792	39226	QnrS3	18573620
ARO:3002793	39227	QnrS4	19056747
ARO:3000161	36300	mutant porin protein conferring antibiotic resistance	19100346
ARO:3003271	39855	Mycobacterium smegmatis 16S rRNA mutation conferring resistance to viomycin	9244267
ARO:3001754	38154	OXA-299	24277043
ARO:3002644	39044	APH(3')-IIa	6295884
ARO:3001222	37621	chalcomycin		10.1139/m63-088
ARO:3000299	36438	phosphonopyruvate decarboxylase	10786631
ARO:3000300	36439	lsaA	21245447;12019099;15914491
ARO:3001229	37628	rosaramicin	475368
ARO:3003026	39460	fusH	9084170
ARO:3002674	39108	Clostridium butyricum catB	1489203
ARO:3002675	39109	catB2	12089302;19719593;1314803
ARO:3002676	39110	catB3	12821475;9835490;7793874;12654674
ARO:3000375	36514	ErmB	9187657;10508434;18299414
ARO:3000948	37328	TEM-81	10991849
ARO:3000553	36692	adeR	22371895
ARO:3000977	37357	TEM-114	15282240
ARO:3003357	39941	Clostridioides difficile EF-Tu mutants conferring resistance to elfamycin	22644023
ARO:3002645	39045	APH(3')-IIb	14638496;10984043
ARO:3003572	40182	magainin 2	3277183
ARO:3001423	37823	OXA-28	11158739
ARO:3000506	36645	MexR	12727072;14526032;18812515;20616806
ARO:3001232	37631	methymycin	5439234;19830295
ARO:3001077	37457	SHV-19	11120950
ARO:3001429	37829	OXA-35	11679562
ARO:3003578	40188	PmrF	9570402
ARO:3002583	38983	AAC(6')-29a	11158753
ARO:3002533	38933	AAC(3)-IIa	8913451;3892230;8385262
ARO:3002510	38910	LRA-3	18843302
ARO:3000598	36737	Erm(31)	14674753;9770448
ARO:3002506	38906	PDC-7	19258272
ARO:3003542	40144	Mycolicibacterium smegmatis 16S rRNA (rrsB) mutation conferring resistance to kanamycin A	9244267
ARO:3003543	40145	Mycolicibacterium smegmatis 16S rRNA (rrsA) mutation conferring resistance to kanamycin A	9244267
ARO:3003544	40146	Mycolicibacterium smegmatis 16S rRNA (rrsA) mutation conferring resistance to neomycin	9244267
ARO:3003545	40147	Mycolicibacterium smegmatis 16S rRNA (rrsB) mutation conferring resistance to neomycin	9244267
ARO:3003546	40148	Mycolicibacterium smegmatis 16S rRNA (rrsA) mutation conferring resistance to viomycin	9244267
ARO:3003547	40149	Mycolicibacterium smegmatis 16S rRNA (rrsB) mutation conferring resistance to viomycin	9244267
ARO:3002307	38707	VIM-37	24603963
ARO:3000070	36209	CFE beta-lactamase	15047515
ARO:3000071	36210	vanS	1556077
ARO:3000072	36211	ACT beta-lactamase	9055993
ARO:3000074	36213	emrB	1409590
ARO:3000091	36230	CARB beta-lactamase	6782068;9687391
ARO:3000633	36977	phenoxymethylpenicillin	3924086
ARO:3000634	36978	propicillin	3588519;14056922
ARO:3000636	36980	flucloxacillin	3588519
ARO:3000638	36982	azlocillin	6369480
ARO:3000169	36308	rifampin	15667909;6356275
ARO:3000170	36309	imipenem	10629005;12084099
ARO:3003465	40058	Mycobacterium tuberculosis embB with mutation conferring resistance to rifampicin	17846128
ARO:3002520	38920	OCH-7	11451692
ARO:3003470	40063	Mycobacterium tuberculosis gidB mutation conferring resistance to streptomycin	;31934102;30337678;32014024;31100498;21444711;21593257;17238915;18541729		978-92-4-008241-0
ARO:3000419	36558	quinolone resistance protein (qnr)	19258263;19822894;15933203
ARO:3000196	36335	tet(32)	11600392;18955517
ARO:3000421	36560	norB	15774883
ARO:3000207	36346	acrA	15226509;14706082;10931319;16531241
ARO:3002438	38838	OKP-B-5	15980410
ARO:3003474	40067	ethionamide	13827430
ARO:3000699	37043	sulfamethizole	2372557
ARO:3002442	38842	OKP-B-9	16304190
ARO:3003477	40070	antibiotic sensitive gidB	17238915
ARO:3002443	38843	OKP-B-10	16304190
ARO:3000210	36349	rifamycin-resistant beta-subunit of RNA polymerase (rpoB)	10543773;12821473;22361457;21300839;3050121;11136757;15047531
ARO:3000626	36970	polymyxin B2	11330807
ARO:3002459	38859	LEN-9	15215087
ARO:3000610	36749	gene detected by antibiotic resistance screening microarray	20035807;20356716
ARO:3003237	39821	Mycobacteroides abscessus 16S rRNA mutation conferring resistance to tobramycin	21652621;9607835
ARO:3000644	36988	cefaclor	10435677
ARO:3002207	38607	IMP-16	15561846
ARO:3000893	37273	TEM-22	8239625;10103213
ARO:3002647	39047	APH(3')-IIIa	6313476
ARO:3002445	38845	OKP-B-12	15215087
ARO:3002451	38851	OKP-B-18	19128913
ARO:3002452	38852	OKP-B-19	19128913
ARO:3003015	39449	dfrA19	17368003
ARO:3000693	37037	defensin	12949495
ARO:3001693	38093	OXA-230	22508298
ARO:3003017	39451	dfrA21	15750057
ARO:3002457	38857	LEN-7	15215087
ARO:3003047	39481	qacB	12820795
ARO:3001721	38121	OXA-265	24277043
ARO:3002401	38801	OXY-2-6	12807183
ARO:3002515	38915	OCH-2	11451692
ARO:3001303	37702	ErmO-srmA	1761231;10517588
ARO:3002461	38861	LEN-11	15215087
ARO:3001179	37559	SHV-135	23722448
ARO:3001190	37570	SHV-151	23587957
ARO:3001197	37577	SHV-158	23587957
ARO:3001198	37578	SHV-159	23587957
ARO:3000055	36194	SME beta-lactamase	8092824
ARO:3002465	38865	LEN-18	19128913
ARO:3002468	38868	LEN-21	19128913
ARO:3002549	38949	AAC(6')-Ic	1354954
ARO:3002469	38869	LEN-22	19128913
ARO:3002961	39395	vanY gene in vanM cluster	20733041
ARO:3002965	39399	vanW gene in vanG cluster	16723588
ARO:3002968	39402	vanXY gene in vanL cluster	18458129
ARO:3002380	38780	SME-2	11036019
ARO:3003049	39483	rosB	10931306
ARO:3003050	39484	SmeABC	11796339
ARO:3003053	39487	smeC	11796339
ARO:3003019	39453	dfrA23	15728925
ARO:3003054	39488	SmeDEF	11709330
ARO:3001308	37707	vgbB	18341294
ARO:3002486	38886	LRA-7	18843302
ARO:3000120	36259	balhimycin	16730832;10390204;9761883;11932455;11495926
ARO:3000971	37351	TEM-108	15297528
ARO:3000976	37356	TEM-113	15282240
ARO:3000592	36731	ErmN	12019067;12417742;8973363
ARO:3000593	36732	ErmQ	8067735
ARO:3001026	37406	TEM-160	18292096
ARO:3001042	37422	TEM-177	23210906
ARO:3001052	37432	TEM-192	22718774
ARO:3001059	37439	SHV-1	378931;10582889
ARO:3001060	37440	SHV-2	2033379;10582889
ARO:3001076	37456	SHV-18	10952583
ARO:3002590	38990	AAC(6')-Iih	15849260
ARO:3003105	39679	dfrA3	20169085
ARO:3003106	39680	Erm(42)	21402855
ARO:3003107	39681	mef(B)	27052334;19131424
ARO:3003109	39685	msrE	23114767
ARO:3003110	39686	catB10	20735174
ARO:3003111	39687	lsaB	21245447;15471995
ARO:3003112	39688	lsaC	21245447
ARO:3003034	39468	mexX	9925549
ARO:3000572	36711	tet(42)	18809935
ARO:3000702	37073	acrR	12121946
ARO:3000230	36369	ANT(2'')-Ia	25564464;3024112
ARO:3000367	36506	fluoroquinolone acetyltransferase	18812424;18710261;16369542
ARO:3000260	36399	glycopeptide resistance gene cluster VanL	18458129
ARO:3001636	38036	OXA-104	17391399
ARO:3003236	39820	Mycobacteroides abscessus 16S rRNA mutation conferring resistance to kanamycin	21652621;9607835
ARO:3001081	37461	SHV-23	15081091
ARO:3000571	36710	subclass B3 (metallo-) beta-lactamase	18563261
ARO:3000249	36388	chloramphenicol phosphotransferase	7592948;10835366
ARO:3001785	38185	OXA-73	22842601
ARO:3001814	38214	OXA-199	23110226
ARO:3001736	38136	OXA-281	24277043
ARO:3001731	38131	OXA-275	24277043
ARO:3001749	38149	OXA-294	24277043
ARO:3003561	40167	SED-1	11451687
ARO:3003562	40169	blaF	8065266
ARO:3000639	36983	mezlocillin	6369480
ARO:3001817	38217	ACC-3	10817695
ARO:3001821	38221	ACT-1	9055993
ARO:3002863	39297	dfrA8	32849452
ARO:3002864	39298	dfrB1	16046466
ARO:3002728	39163	QnrB14	18725444
ARO:3002730	39164	QnrB15	18725444
ARO:3002579	38979	AAC(6')-Ib8	9527761
ARO:3000983	37363	TEM-121	15561821
ARO:3003016	39450	dfrA20	15616323
ARO:3001645	38045	OXA-78	18190566
ARO:3001647	38047	OXA-97	18299404
ARO:3001888	38288	CTX-M-26	15561863
ARO:3000587	36726	sulbactam	6243991
ARO:3000886	37266	TEM-15	9925535;10681352
ARO:3001034	37414	TEM-168	19687235
ARO:3002419	38819	OKP-A-2	16304190
ARO:3002396	38796	OXY-2-1	16048960
ARO:3000135	36274	edeine D	70202
ARO:3002402	38802	OXY-2-7	7574532
ARO:3000972	37352	TEM-109	16251281
ARO:3003238	39822	Mycobacteroides abscessus 16S rRNA mutation conferring resistance to neomycin	9607835
ARO:3002209	38609	IMP-18	16723605
ARO:3002313	38713	KPC-3	19015357
ARO:3002348	38748	GES-19	22526300
ARO:3003012	39446	dfrA13	21237262;15140390;20374640
ARO:3000568	36707	subclass B1 (metallo-) beta-lactamase	18563261
ARO:3001295	37694	vertilimicin	19635958
ARO:3000588	36727	avibactam	27480848;27528799;20921316
ARO:3002581	38981	AAC(6')-Ib10	9579076
ARO:3001223	37622	midecamycin	5581351
ARO:3001226	37625	narbomycin	1133401;5439233
ARO:3001230	37629	niddamycin	13955393
ARO:3002397	38797	OXY-2-2	16048960
ARO:3000556	36695	tet(44)	20479200
ARO:3001675	38075	OXA-250	22972816
ARO:3002361	38761	NDM-11	29656053
ARO:3002416	38816	OXY-6-4	16048960
ARO:3002662	39062	APH(9)-Ia	9174205
ARO:3002051	38451	CMY-40	19523051
ARO:3002738	39172	QnrB23	20421404
ARO:3001328	37727	Escherichia coli mdfA	12578981;9811673;26238402
ARO:3001329	37728	mdtG	20008776
ARO:3000684	37028	mafenide	4948236
ARO:3000694	37038	magainin	3277183
ARO:3001724	38124	OXA-268	24277043
ARO:3002582	38982	AAC(6')-Ib11	12543680
ARO:3001424	37824	OXA-29	11709332
ARO:3001426	37826	OXA-32	11796380
ARO:3001231	37630	celesticetin	5638307
ARO:3002646	39046	APH(3')-IIc	17088477
ARO:3001460	37860	OXA-155	26349828
ARO:0000039	35957	spectinomycin	11083623;8385262;10103173
ARO:3002587	38987	AAC(6')-I33	19738007
ARO:3001214	37613	mdtM	23221628
ARO:3003427	40011	efflux regulatory proteins	14572535;24878531
ARO:3003417	40001	antibiotic resistant inhA	8284673
ARO:3003418	40002	Pyrazinamide resistant pncA	9055989
ARO:3003482	40080	Mycobacterium smegmatis 16S rRNA mutation conferring resistance to peptide antibiotic	9244267
ARO:3002663	39063	APH(9)-Ib	9245803
ARO:3000453	36592	streptogramin vat acetyltransferase	11841212;20713681;12771141
ARO:0000060	35977	ceftazidime	6805421
ARO:0000066	35983	clindamycin	20876128
ARO:3001456	37856	OXA-151	26349828
ARO:3003056	39490	smeE	11709330
ARO:3001782	38182	OXA-48	14693513
ARO:3003315	39899	Staphylococcus aureus parE conferring resistance to fluoroquinolones	21996946
ARO:3003589	40199	NmcA	8052644
ARO:3003665	40275	NmcR	8052644
ARO:3001614	38014	OXA-65	15760431
ARO:3001421	37821	OXA-26	11158758
ARO:3001618	38018	OXA-70	15760431
ARO:3001621	38021	OXA-76	16189095
ARO:3001624	38024	OXA-84	16630258
ARO:3001627	38027	OXA-91	17284537
ARO:3001633	38033	OXA-79	17391399
ARO:3001644	38044	OXA-113	17881631
ARO:3001646	38046	OXA-98	18190566
ARO:3001651	38051	OXA-130	19567349
ARO:3001656	38056	OXA-172	20713680
ARO:3001666	38066	OXA-201	22422849
ARO:3001673	38073	OXA-248	22972816
ARO:3001345	37745	SHV-144	24270152
ARO:3001396	37796	OXA-1	33416461;2823258
ARO:3001397	37797	OXA-2	27499434;6335398
ARO:3001404	37804	OXA-9	9620445
ARO:3001405	37805	OXA-10	27499434;11017203
ARO:3001406	37806	OXA-11	8215276
ARO:3001407	37807	OXA-12	9068648
ARO:3001408	37808	OXA-13	9579076
ARO:3001409	37809	OXA-14	7486940
ARO:3001410	37810	OXA-15	9087490
ARO:3001411	37811	OXA-16	9835501
ARO:3001412	37812	OXA-17	10348753
ARO:3001413	37813	OXA-18	9333046
ARO:3001414	37814	OXA-19	9835500
ARO:3001415	37815	OXA-20	9687410
ARO:3001416	37816	OXA-21	9420053
ARO:3001417	37817	OXA-22	10898703
ARO:3001631	38031	OXA-96	17284537
ARO:3001632	38032	OXA-92	17391399
ARO:3001643	38043	OXA-112	17391399
ARO:3001648	38048	OXA-128	19223304
ARO:3001649	38049	OXA-99	19394202
ARO:3001650	38050	OXA-90	19567349
ARO:3001654	38054	OXA-143	19770279
ARO:3001655	38055	OXA-138	20713680
ARO:3001662	38062	OXA-164	20921306
ARO:3001663	38063	OXA-160	21041501
ARO:3001674	38074	OXA-249	22972816
ARO:3001729	38129	OXA-273	24277043
ARO:3001743	38143	OXA-288	24277043
ARO:3001747	38147	OXA-292	24277043
ARO:3001766	38166	OXA-192	21812718
ARO:3001935	38335	CTX-M-74	19748435
ARO:3001936	38336	CTX-M-75	19748435
ARO:3001759	38159	OXA-304	24277043
ARO:3001760	38160	OXA-305	24277043
ARO:3002102	38502	CMY-89	24267783
ARO:3000214	36353	hygromycin B	11163189;10103173
ARO:3000275	36414	linB	20004168
ARO:3000215	36354	mecR1	1544435
ARO:3000216	36355	acrB	19453279;19166984;18073115;17275331;12374972
ARO:3000218	36357	aminoglycoside nucleotidyltransferase (ANT)	20833577
ARO:3003577	40187	ugd	15205413;9570402
ARO:3000222	36361	gramicidin A	17572379
ARO:3000223	36362	gramicidin B	17572379
ARO:3000224	36363	gramicidin C	17572379
ARO:3000226	36365	antibiotic resistant folP	1522070;9006040;9449266;9593127;21115799
ARO:3000227	36366	tyrothricin	16560680
ARO:3000233	36372	streptogramin inactivation enzyme	11467949;12771141
ARO:3000235	36374	ethambutol resistant embB	9142129;21444710;21300839
ARO:3000236	36375	glycopeptide resistance gene cluster VanA	8843432;8380148;16323116
ARO:3003010	39444	ceoB	16857052
ARO:3002521	38921	OCH-8	11451692
ARO:3002780	39214	QnrB68	24247140
ARO:3002364	38764	PER-2	8851581
ARO:3000784	37164	cmeB	15728904
ARO:3000787	37167	MdtABC-TolC	17933888;12107133
ARO:3002365	38765	PER-3	21968366
ARO:3001306	37705	ErmW	8163173;12583909
ARO:3000958	37338	TEM-91	12937007
ARO:3003675	40307	plazomicin	21131322
ARO:3003676	40308	AAC(6')-Ib'	10720551;8138142
ARO:3003677	40309	AAC(6')-Iaj	23070167
ARO:3003678	40313	TriABC-OpmH	17720796
ARO:3003679	40314	TriA	17720796
ARO:3003680	40315	TriB	17720796
ARO:3003681	40316	TriC	17720796
ARO:3003682	40317	OpmH	15855547;17720796
ARO:3003684	40319	Pseudomonas aeruginosa gyrA conferring resistance to fluoroquinolones	8540700;22821356
ARO:3003685	40320	Pseudomonas aeruginosa parE conferring resistance to fluoroquinolones	23274661
ARO:3003686	40321	Pseudomonas aeruginosa oprD with mutation conferring resistance to imipenem	23045355;12534469;25297323
ARO:3003687	40322	APH(3')-VI-deprecated	15673721
ARO:3003688	40325	PvrR	11961556
ARO:3003689	40335	MCR-1.1	26603172
ARO:3003690	40338	sitafloxacin	21504249
ARO:3003691	40339	MexJK-OpmH	15855547;12193619;15855505
ARO:3003692	40340	MexJ	12193619
ARO:3003693	40341	MexK	12193619
ARO:3003694	40346	MexJK-OprM	15855547
ARO:3003697	40349	MexPQ-OpmE	16301811
ARO:3003698	40350	mexP	16301811
ARO:3003699	40351	mexQ	16301811
ARO:3003700	40352	opmE	16301811
ARO:3003701	40353	rokitamycin	1779258
ARO:3003702	40355	Pseudomonas aeruginosa parC conferring resistance to fluoroquinolones	11451683;22821356
ARO:3003703	40357	MexMN-OprM	19713238
ARO:3003704	40358	mexM	19713238
ARO:3003705	40359	mexN	19713238
ARO:3003706	40360	penem	14620395;3043117
ARO:3003707	40361	faropenem	12615878
ARO:3003708	40362	panipenem	12678575
ARO:3003709	40363	MexZ	15336398
ARO:3003710	40364	MexL	15855505
ARO:3003711	40365	VEB-1a	11384532
ARO:3003712	40366	VEB-16	11384532
ARO:3003713	40367	VCC-1	26824956
ARO:3003714	40368	PEDO-2	26482314
ARO:3003715	40369	PEDO-3	26482314
ARO:3003716	40370	CPS-1	26666948
ARO:3000581	36720	CphA beta-lactamase	18563261
ARO:3002430	38830	OKP-A-13	22143810
ARO:3002986	39420	bacA	23460607
ARO:3000078	36217	class A beta-lactamase	17407578
ARO:3000263	36402	marA	12027588;9333027;2848006
ARO:3000341	36480	AAC(2')	9159528;8407825;18931120
ARO:3000451	36590	protein(s) or two-component regulatory system modulating antibiotic efflux	14572535;24878531
ARO:3002368	38768	PER-6	20145085
ARO:3002752	39186	QnrB37	21844311
ARO:3003031	39465	MexW	12951344
ARO:3003030	39464	MexV	12951344
ARO:3000690	37034	bleomycinic acid	15700963
ARO:3002483	38883	LRA-5	18843302
ARO:3002485	38885	LRA-2	18843302
ARO:3002518	38918	OCH-5	11451692
ARO:3001126	37506	SHV-72	18316518
ARO:3001301	37700	RlmA(II)	18406425;12514124
ARO:3002525	38925	AAC(2')-Ic	9159528
ARO:3002811	39245	antibiotic-resistant murA transferase	20071153
ARO:3000771	37151	AdeFGH	20696879;21377839
ARO:3000775	37155	adeB	21173183
ARO:3000778	37158	adeG	21377839
ARO:3002661	39061	APH(7'')-Ia	12627869
ARO:3002498	38898	PDC-2	19258272
ARO:3001940	38340	CTX-M-79	18772941
ARO:0000000	35919	macrolide antibiotic	27480866;15544496;11324679
ARO:0000003	35922	astromicin	11083623;8385262;10103173
ARO:3001422	37822	OXA-27	11158758
ARO:0000004	35923	monobactam	02669628;3871589;11585791;15673804
ARO:3000964	37344	TEM-101	3055178
ARO:0000005	35924	neomycin	11083623;8385262;10103173
ARO:0000006	35925	erythromycin	7683018;15980346;10582867
ARO:0000011	35930	cloxacillin	1234495;11585791;15673804
ARO:0000012	35931	streptothricin	11083623;8385262;10103173
ARO:0000014	35933	gentamicin C	11083623;8385262;10103173
ARO:0000015	35934	methicillin	3889939;11585791;15673804
ARO:0000016	35935	aminoglycoside antibiotic	11083623;8385262;10103173
ARO:0000067	35984	colistin	20818945;17958555
ARO:0000068	35985	daptomycin	22083474;15870461;16311632;20522545;11353654;12615866;14985278
ARO:0000071	35988	levofloxacin	15700957
ARO:0000072	35989	linezolid	18757750;15700955
ARO:0000075	35992	nitrofurantoin	7928834;1100114
ARO:0000076	35993	resistance-modifying agents	37971258
ARO:0000077	35994	tazobactam	6097169
ARO:0001003	35999	antibiotic target protection	32587401
ARO:0001004	36000	antibiotic inactivation	20564281
ARO:0010000	36001	antibiotic efflux	19678712
ARO:0010001	36002	ATP-binding cassette (ABC) antibiotic efflux pump	8302219
ARO:0010002	36003	major facilitator superfamily (MFS) antibiotic efflux pump	9529885;10943556;19678712
ARO:0010004	36005	resistance-nodulation-cell division (RND) antibiotic efflux pump	19664953;15582398;16915237
ARO:3000000	36009	determinant of antibiotic resistance	15700955
ARO:3000001	36010	beta-lactamase	21220461;19995920;6109327;7574506
ARO:3000002	36011	vanW	11036060
ARO:3000011	36020	vanX	7854121
ARO:3000013	36022	vanB	9177243
ARO:3000014	36023	TEM beta-lactamase	8432315;11585791
ARO:3000015	36024	SHV beta-lactamase	11585791
ARO:3000016	36025	CTX-M beta-lactamase	20705517
ARO:3000017	36026	OXA beta-lactamase	24696435;16891520
ARO:3000018	36027	IMI beta-lactamase	8878585
ARO:3000020	36029	IMP beta-lactamase	20121112;8141584
ARO:3001795	38195	OXA-56	15047554
ARO:3000705	37085	isopenicillin N	4209314
ARO:3002656	39056	APH(4)-Ib	3005976
ARO:3001299	37698	tlrB	10348045;10972803
ARO:3000939	37319	TEM-73	10543745
ARO:3001352	37752	SHV-168	23587779
ARO:3001457	37857	OXA-152	26349828
ARO:3001616	38016	OXA-68	15760431
ARO:3001748	38148	OXA-293	24277043
ARO:3001458	37858	OXA-153	26349828
ARO:3001638	38038	OXA-107	17391399
ARO:3001661	38061	OXA-177	20713680
ARO:3001733	38133	OXA-277	24277043
ARO:3001751	38151	OXA-296	30247543;24277043
ARO:3001787	38187	OXA-245	23034714
ARO:3001800	38200	OXA-226	19933793
ARO:3001826	38226	ACT-9	21690276
ARO:3001912	38312	CTX-M-50	16082008
ARO:3001965	38365	CTX-M-105	22407683
ARO:3001967	38367	CTX-M-107	21859815
ARO:3001973	38373	CTX-M-113	21859815
ARO:3002055	38455	CMY-44	19414578
ARO:3001336	37736	SHV-98	21415202
ARO:3002155	38555	FOX-1	7811034
ARO:3002156	38556	FOX-2	9303413
ARO:3001639	38039	OXA-108	17391399
ARO:3001734	38134	OXA-279	24277043
ARO:3001752	38152	OXA-297	24277043
ARO:3001788	38188	OXA-204	23114766
ARO:3001801	38201	OXA-147	20008045
ARO:3001827	38227	ACT-16	24336426
ARO:3003029	39463	MexVW-OprM	12951344
ARO:3002243	38643	CARB-4	9687391
ARO:3002244	38644	CARB-5	10722515
ARO:3002245	38645	CARB-6	9925522
ARO:3002246	38646	CARB-7	12069969
ARO:3002247	38647	CARB-8	12709319
ARO:3002248	38648	CARB-9	15388476
ARO:3002249	38649	CARB-10	19380596
ARO:3002252	38652	CARB-14	22633451
ARO:3002256	38656	IND-1	10077836
ARO:3002257	38657	IND-2	11036018
ARO:3002261	38661	IND-5	17470648
ARO:3002262	38662	IND-6	19651915
ARO:3002263	38663	IND-7	20305272
ARO:3002264	38664	IND-8	3876328
ARO:3002271	38671	VIM-1	10390207
ARO:3002272	38672	VIM-2	10722487
ARO:3002273	38673	VIM-3	11451678
ARO:3002274	38674	VIM-4	12435718
ARO:3002275	38675	VIM-5	15190017
ARO:3002314	38714	KPC-4	19015357
ARO:3002315	38715	KPC-5	19015357
ARO:3002316	38716	KPC-6	22908150
ARO:3002317	38717	KPC-7	19036932
ARO:3002318	38718	KPC-8	20334553
ARO:3002331	38731	GES-2	11502535
ARO:3002332	38732	GES-3	15155185
ARO:3002333	38733	GES-4	15273099
ARO:3002404	38804	OXY-2-9	21555768
ARO:3002334	38734	GES-5	15135524
ARO:3002335	38735	GES-6	15135524
ARO:3002336	38736	GES-7	10952563
ARO:3002337	38737	GES-8	11679551
ARO:3002338	38738	GES-9	16048994
ARO:3002341	38741	GES-12	20805394
ARO:3002342	38742	GES-13	20065056
ARO:3002064	38464	CMY-53	21820821
ARO:3002259	38659	IND-3	11036018
ARO:3002266	38666	IND-10	3876328
ARO:3002297	38697	VIM-27	21518835
ARO:3002233	38633	IMP-42	23536409
ARO:3002268	38668	IND-12	3876328
ARO:3002328	38728	KPC-18	26719440
ARO:3001739	38139	OXA-284	24277043
ARO:3001757	38157	OXA-302	24277043
ARO:3001806	38206	OXA-224	22290962
ARO:3000221	36360	lincosamide nucleotidyltransferase (LNU)	11797175
ARO:3000282	36421	sulfonamide antibiotic	15673783
ARO:3002522	38922	novA	12604514
ARO:3003009	39443	ceoA	16857052
ARO:3003011	39445	dfrA10	12499211
ARO:3002529	38929	AAC(3)-Id	15388438;15728939;18476779
ARO:3002530	38930	AAC(3)-Ib	7486920
ARO:3003717	40371	ESP-1	26482314
ARO:3003718	40372	MSI-1	26482314
ARO:3003719	40373	MSI-OXA	26482314
ARO:3003720	40374	SPG-1	26482314
ARO:3003721	40375	ampC	10991860;19104021
ARO:3003722	40376	glycopeptide resistance gene cluster VanI	16513756;25042042;19414574
ARO:3002660	39060	APH(6)-Id	18413319;19465049;2653965;15722395
ARO:3002355	38755	NDM-4	22252797
ARO:3001178	37558	SHV-134	22005997
ARO:3001305	37704	ErmU	1328813;8577249
ARO:3000821	37201	phoPQ	21131322;11222580;20843473;16359323
ARO:3002367	38767	PER-5	23284886
ARO:3000369	36508	MtrCDE	14500476;7711899
ARO:3003042	39476	Streptococcus pneumoniae PBP2b conferring resistance to amoxicillin	18394970
ARO:3001019	37399	TEM-152	17220412
ARO:3001025	37405	TEM-159	18292096
ARO:3001041	37421	TEM-176	23643553
ARO:3001051	37431	TEM-191	22718774
ARO:3001169	37549	SHV-122	21359845
ARO:3001203	37583	SHV-165	23587957
ARO:3000716	37096	mycolic acid synthesis enzyme targeted by antibiotic	1656850;8143118
ARO:3002482	38882	LRA-1	18843302
ARO:3001629	38029	OXA-94	17284537
ARO:3003090	39637	daptomycin-resistant beta-subunit of RNA polymerase (rpoB)	20837752
ARO:3003091	39638	daptomycin resistant mprF	20498310;22238576;16723576
ARO:3002992	39426	AQU beta-lactamase	24055254
ARO:3002993	39427	AQU-1	24055254
ARO:3002526	38926	AAC(2')-Id	9159528
ARO:3000836	37216	soxR	21226770;15845502
ARO:3000768	37148	abeS	19770280
ARO:3000769	37149	PatA-PatB	20709735;20937787
ARO:3000770	37150	AdeABC	21173183;17363424
ARO:3000774	37154	adeA	21173183
ARO:3000777	37157	adeF	20696879
ARO:3000806	37186	MexG	12917802;15817779
ARO:3000810	37190	mtrC	14500476
ARO:3000813	37193	MexS	26833155;11040437;15687188
ARO:3000816	37196	mtrA	10417654
ARO:3000828	37208	baeR	37345941;12107133
ARO:3000830	37210	cpxA	22496764
ARO:3000832	37212	evgA	12951338
ARO:3000837	37217	soxS	15845502;8821940;7986007;9324261
ARO:3000838	37218	arlR	10633099
ARO:3002423	38823	OKP-A-6	16304190
ARO:3001304	37703	ErmS	3127381;2753855;7961463;3020383;7495815;7534372
ARO:3002379	38779	SME-1	8092824
ARO:3001112	37492	SHV-56	18663019
ARO:3001115	37495	SHV-60	19272757
ARO:3001125	37505	SHV-71	19272757
ARO:3001129	37509	SHV-75	19272757
ARO:3001131	37511	SHV-77	19272757
ARO:3001141	37521	SHV-89	18587684
ARO:3001142	37522	SHV-90	17913717
ARO:3001151	37531	SHV-102	18566158
ARO:3001154	37534	SHV-105	19075050
ARO:3001155	37535	SHV-106	19272757
ARO:3001156	37536	SHV-107	19272757
ARO:3001157	37537	SHV-108	27598630;19272757
ARO:3000998	37378	TEM-134	15793140
ARO:3001002	37382	TEM-138	16940125
ARO:3001003	37383	TEM-139	17382521
ARO:3001007	37387	TEM-144	16436745
ARO:3001018	37398	TEM-151	17220412
ARO:3001046	37426	TEM-186	22397509
ARO:3001047	37427	TEM-187	23478954
ARO:3001088	37468	SHV-30	16251316
ARO:3001092	37472	SHV-34	14613945
ARO:3001099	37479	SHV-41	15047521
ARO:3003018	39452	dfrA22	24152716;16782743
ARO:0000017	35936	lincosamide antibiotic	15135500;10582867
ARO:0000020	35939	carbapenem	11585791;15673804
ARO:0000021	35940	ribostamycin	11083623;8385262;10103173
ARO:0000023	35942	enoxacin	15914491
ARO:0000025	35944	fosfomycin	8994972;8075064;5809587;17567049;18701452
ARO:0000026	35945	streptogramin antibiotic	15700955
ARO:0000029	35948	teicoplanin	11131961;6240963;6239854;6235205;16323116
ARO:0000030	35949	tigecycline	19862477;11381101
ARO:0000032	35951	cephalosporin	6810737;11585791;15673804
ARO:0000034	35952	streptogramin A antibiotic	12102603;12860128;15700955;17015629
ARO:0000035	35953	sisomicin	11083623;8385262;10103173
ARO:0000036	35954	ciprofloxacin	15700957;15914491
ARO:0000037	35955	apramycin	11083623;8385262;10103173
ARO:0000041	35959	bacitracin	8389741
ARO:0000042	35960	glycylcycline	11381101
ARO:0000043	35961	carbenicillin	4248289;11585791;15673804
ARO:0000044	35962	cephamycin	3487346;11585791;15673804
ARO:0000045	35963	acriflavine	11566977
ARO:0000046	35964	lincomycin	15135500;10582867
ARO:0000052	35969	tobramycin	11083623;8385262;10103173
ARO:0000053	35970	bleomycin	15700963
ARO:0000054	35971	penicillin	11585791;15673804
ARO:3000021	36030	VIM beta-lactamase	20121112;12562689;18061205
ARO:3000022	36031	ristocetin	17620;2532132
ARO:3000024	36033	patA	20709735;20937787
ARO:3000026	36035	mepA	15855507;16569840;15855508
ARO:3000027	36036	emrA	7730261
ARO:3000934	37314	TEM-67	12499163
ARO:3001775	38175	OXA-119	19719593
ARO:3000284	36423	tetroxoprim	3043259;7036848
ARO:3003098	39664	cphA1	9537320
ARO:3003099	39665	cphA2	9021171;22009263
ARO:3001937	38337	CTX-M-76	22697133
ARO:3001938	38338	CTX-M-77	22697133
ARO:3001939	38339	CTX-M-78	20421403
ARO:3001941	38341	CTX-M-80	19294528
ARO:3001942	38342	CTX-M-81	19294528
ARO:3001943	38343	CTX-M-82	19297379
ARO:3001944	38344	CTX-M-83	18984647
ARO:3001945	38345	CTX-M-84	18984647
ARO:3001793	38193	OXA-320	24027220
ARO:3001794	38194	OXA-45	12936985
ARO:3001338	37738	SHV-100	21415202
ARO:3001373	37773	TEM-182	23335113
ARO:3002040	38440	CMY-29	19414570
ARO:3002041	38441	CMY-30	19414570
ARO:3002042	38442	CMY-31	18065410
ARO:3002043	38443	CMY-32	19687234
ARO:3002044	38444	CMY-33	19414578
ARO:3002045	38445	CMY-34	21820821
ARO:3002048	38448	CMY-37	18619820
ARO:3001502	37902	OXA-256	23458448
ARO:3001619	38019	OXA-71	15760431
ARO:3001822	38222	ACT-2	23093031
ARO:3001856	38256	CFE-1	15047515
ARO:3001857	38257	LAT-1	7811049
ARO:3001858	38258	IMI-1	8878585
ARO:3001864	38264	CTX-M-1	8834913
ARO:3001865	38265	CTX-M-2	8834913
ARO:3001866	38266	CTX-M-3	33416461;9559791
ARO:3001867	38267	CTX-M-4	9593162
ARO:3001875	38275	CTX-M-12	11408239
ARO:3001876	38276	CTX-M-13	11850241
ARO:3001877	38277	CTX-M-14	11850241
ARO:3001878	38278	CTX-M-15	33416461;12461028;11470367
ARO:3001879	38279	CTX-M-16	11451684
ARO:3001880	38280	CTX-M-17	11959547
ARO:3001881	38281	CTX-M-19	11709308
ARO:3001882	38282	CTX-M-20	12007800
ARO:3001883	38283	CTX-M-21	12007800
ARO:3001884	38284	CTX-M-22	16533535
ARO:3001885	38285	CTX-M-23	15201232
ARO:3001886	38286	CTX-M-24	16291869
ARO:3001889	38289	CTX-M-27	33416461;12775683
ARO:3001890	38290	CTX-M-28	15941775
ARO:3001891	38291	CTX-M-29	16533535
ARO:3001892	38292	CTX-M-30	15504875
ARO:3001906	38306	CTX-M-44	21078949
ARO:3001907	38307	CTX-M-45	9593147
ARO:3001908	38308	CTX-M-46	16082008
ARO:3001914	38314	CTX-M-52	15736704
ARO:3001915	38315	CTX-M-53	19273683
ARO:3001916	38316	CTX-M-54	16785225
ARO:3001917	38317	CTX-M-55	17449211
ARO:3001918	38318	CTX-M-56	17548490
ARO:3001919	38319	CTX-M-58	21788458
ARO:3001920	38320	CTX-M-59	18347108
ARO:3002216	38616	IMP-25	23006757
ARO:3002217	38617	IMP-26	20463166
ARO:3002220	38620	IMP-29	22290960
ARO:3002221	38621	IMP-30	23836186
ARO:3002225	38625	IMP-34	23541689
ARO:3001923	38323	CTX-M-62	18725449
ARO:3001637	38037	OXA-106	17391399
ARO:3001660	38060	OXA-176	20713680
ARO:3001720	38120	OXA-264	24277043
ARO:3001732	38132	OXA-276	24277043
ARO:3001750	38150	OXA-295	24277043
ARO:3001786	38186	OXA-244	23034714
ARO:3001799	38199	OXA-161	19770278
ARO:3001825	38225	ACT-6	21304534
ARO:3001832	38232	ACT-10	25312010
ARO:3002012	38412	CMY-1	8843306
ARO:3002013	38413	CMY-2	33416461;8787910
ARO:3002014	38414	CMY-3	9593136
ARO:3002015	38415	CMY-4	9868767
ARO:3002016	38416	CMY-5	10348751
ARO:3002017	38417	CMY-6	9818739
ARO:3002018	38418	CMY-7	12039894
ARO:3002019	38419	CMY-8	10817689
ARO:3002020	38420	CMY-9	12121914
ARO:3002021	38421	CMY-10	12969288
ARO:3002022	38422	CMY-11	11815567
ARO:3002023	38423	CMY-12	12407124
ARO:3002024	38424	CMY-13	15273143
ARO:3002025	38425	CMY-14	15504832
ARO:3002026	38426	CMY-15	15504832
ARO:3002027	38427	CMY-16	16436718
ARO:3002056	38456	CMY-45	21402851
ARO:3002065	38465	CMY-54	28665771;22956023
ARO:3002066	38466	CMY-55	22956023
ARO:3002069	38469	CMY-59	23825726
ARO:3002070	38470	CMY-99	24165184
ARO:3002132	38532	DHA-1	9736562
ARO:3002133	38533	DHA-2	11157909
ARO:3002134	38534	DHA-3	16216104
ARO:3003670	40288	PEDO-1	26482314
ARO:3000747	37127	mef	16189099
ARO:3002420	38820	OKP-A-3	16304190
ARO:3002987	39421	bcrA	7476193
ARO:3002988	39422	bcrB	7476193
ARO:3000685	37029	arylomycin	21545107
ARO:3002501	38901	PDC-4	19258272
ARO:3002531	38931	AAC(3)-Ic	12709352
ARO:3003027	39461	lmrAB Operon	15317768
ARO:3001234	37633	kirromycin	3904612;3356609;2499247;7925958;337296;4373734;9043138
ARO:3002919	39353	vanR gene in vanA cluster	8380148;16323116
ARO:3000687	37031	moenomycin antibiotic	17117848;20730219
ARO:3000688	37032	furazolidone	3514312
ARO:3000525	36664	antibiotic A40926	12837387;15664522
ARO:3000526	36665	cmeR	15728904
ARO:3002038	38438	CMY-27	19523051
ARO:3003092	39639	Enterococcus faecium cls conferring resistance to daptomycin	26454536;23580562;22948885;23114777;21899450
ARO:3000583	36722	pristinamycin IA	13672900
ARO:3001302	37701	chrB	15561847
ARO:3002994	39428	ROB beta-lactamase	2201253
ARO:3002497	38897	PDC-1	19258272
ARO:3002500	38900	PDC-3	33416461;19258272
ARO:3002508	38908	PDC-9	19258272
ARO:3002535	38935	AAC(3)-IIc	18467306;8385262
ARO:3002384	38784	BEL beta-lactamase	16127048
ARO:3001922	38322	CTX-M-61	17804424
ARO:3000178	36317	tet(K)	7781778;8234490;15837373
ARO:3003223	39807	Escherichia coli 16S rRNA mutation conferring resistance to edeine	16269538
ARO:3000913	37293	TEM-44	8877532
ARO:3000890	37270	TEM-19	2073111
ARO:3001122	37502	SHV-67	17288792
ARO:3001135	37515	SHV-81	19272757
ARO:3001149	37529	SHV-97	21940649
ARO:3001184	37564	SHV-142	22537112
ARO:3001124	37504	SHV-70	16563703
ARO:3001137	37517	SHV-83	19272757
ARO:3001170	37550	SHV-123	21903826
ARO:3001186	37566	SHV-147	23587957
ARO:3001204	37584	SHV-167	24336426
ARO:3001004	37384	TEM-141	17881870
ARO:3001138	37518	SHV-84	20211886
ARO:3001171	37551	SHV-124	21903826
ARO:3001139	37519	SHV-85	18347108
ARO:3001172	37552	SHV-125	21903826
ARO:3001188	37568	SHV-149	23587957
ARO:3000936	37316	TEM-70	23643553
ARO:3001140	37520	SHV-86	20566419
ARO:3001173	37553	SHV-126	21903826
ARO:3001189	37569	SHV-150	23587957
ARO:3001174	37554	SHV-127	21903826
ARO:3001176	37556	SHV-129	22322349
ARO:3001177	37557	SHV-133	24475919
ARO:3000973	37353	TEM-110	18292096
ARO:3001100	37480	SHV-42	15047521
ARO:3001196	37576	SHV-157	23587957
ARO:3000744	37124	antibiotic sensitive dihydropteroate synthase	12111724
ARO:3002509	38909	PDC-10	19258272
ARO:3002385	38785	BEL-1	16127048
ARO:3002703	39137	cmx	8834878;9735314
ARO:3001791	38191	OXA-247	23402333
ARO:3000606	36745	FEZ-1	12507470;18563261
ARO:3000372	36511	vanT	10878136;10817725
ARO:3000373	36512	EmrKY-TolC	21954395;12501312
ARO:3003305	39889	Ureaplasma urealyticum gyrB conferring resistance to fluoroquinolones	27884651;25645833
ARO:3001887	38287	CTX-M-25	15561863
ARO:3003259	39843	antibiotic sensitive DNA topoisomerase subunit parE	12604514
ARO:3000552	36691	arsphenamine	18679046
ARO:3000499	36638	AcrE	16267305;8407802
ARO:3003323	39907	Staphylococcus aureus pgsA mutations conferring resistance to daptomycin	22238576
ARO:3003324	39908	Bacillus subtilis mprF	21709092;19164152;19915718
ARO:3000322	36461	AAC(3)	15388438;1577689;3892230;8257126;19709289;15728939;18476779;2060791;1649572;2549372;18467306;19949054;2914849;6318050;7486920;10639379;12709352
ARO:3002564	38964	AAC(6')-It	10188279
ARO:3003326	39910	Mycobacterium tuberculosis embB with mutation conferring resistance to ethambutol	;35944069;30337678;16641474;16972132;9257740;11854934;17360809;16377878;10639358;24392447;21778195;9142129;21300839		978-92-4-008241-0
ARO:3003327	39911	Mycobacterium tuberculosis embC mutant conferring resistance to ethambutol	30337678;19010731;20427375;26417605;16972132;10639358;23995136;19112008
ARO:3001684	38084	OXA-313	24247131
ARO:3000652	36996	isepamicin	8622111
ARO:3000655	36999	gentamicin B	9872733
ARO:3001378	37778	TEM-201	24701189
ARO:3002878	39312	BcII	7588620
ARO:3002882	39316	lmrD	16958846
ARO:3002916	39350	vanV	21482081
ARO:3002917	39351	glycopeptide resistance gene cluster VanN	21807981
ARO:3002918	39352	glycopeptide resistance gene cluster VanO	24342631
ARO:3002931	39365	vanS gene in vanA cluster	28511809;8380148;16323116
ARO:3002942	39376	vanH gene in vanA cluster	8380148;16323116
ARO:3002943	39377	vanH gene in vanB cluster	8631706;16323116
ARO:3002949	39383	vanX gene in vanA cluster	8380148;16323116
ARO:3002952	39386	vanX gene in vanF cluster	15980329
ARO:3002953	39387	vanX gene in vanM cluster	20733041
ARO:3002955	39389	vanY gene in vanA cluster	8380148;16323116
ARO:3002957	39391	vanY gene in vanD cluster	12499162;16323116
ARO:3002958	39392	vanY gene in vanF cluster	15980329
ARO:3002959	39393	vanY gene in vanG cluster	16723588
ARO:3002962	39396	vanZ gene in vanA cluster	8380148;7867956;16323116
ARO:3002963	39397	vanZ gene in vanF cluster	15980329
ARO:3002964	39398	vanW gene in vanB cluster	8631706;16323116
ARO:3002966	39400	vanXY gene in vanC cluster	10564477;16323116
ARO:3002967	39401	vanXY gene in vanE cluster	12019119
ARO:3002970	39404	vanT gene in vanC cluster	10209740;16323116
ARO:3002978	39412	D-Ala-D-Lac ligase	24342631;20733041;15980329;16323116
ARO:3002979	39413	D-Ala-D-Ser ligase	21807981;22969085;16723588;12019119;18458129;16323116
ARO:3002921	39355	vanR gene in vanB cluster	8631706;16323116
ARO:3002932	39366	vanS gene in vanB cluster	8631706;16323116
ARO:3002944	39378	vanH gene in vanD cluster	12499162;16323116
ARO:3002947	39381	vanH gene in vanM cluster	20733041
ARO:3002950	39384	vanX gene in vanB cluster	8631706;16323116
ARO:3002954	39388	vanX gene in vanO cluster	24342631
ARO:3002956	39390	vanY gene in vanB cluster	8631706;16323116
ARO:3002971	39405	vanT gene in vanE cluster	12019119
ARO:3002922	39356	vanR gene in vanC cluster	10817725;16323116
ARO:3002933	39367	vanS gene in vanC cluster	10817725;16323116
ARO:3002945	39379	vanH gene in vanF cluster	15980329
ARO:3002948	39382	vanH gene in vanO cluster	24342631
ARO:3002969	39403	vanXY gene in vanN cluster	21807981
ARO:3002972	39406	vanT gene in vanG cluster	16723588
ARO:3002923	39357	vanR gene in vanD cluster	12499162;16323116
ARO:3002934	39368	vanS gene in vanD cluster	19258279;16323116
ARO:3002973	39407	vanTm gene in vanL cluster	18458129
ARO:3002924	39358	vanR gene in vanE cluster	12019119
ARO:3002935	39369	vanS gene in vanE cluster	12019119
ARO:3002974	39408	vanTr gene in vanL cluster	18458129
ARO:3002975	39409	vanT gene in vanN cluster	21807981
ARO:3002774	39208	QnrB61	23529729
ARO:3002926	39360	vanR gene in vanG cluster	16723588
ARO:3002937	39371	vanS gene in vanG cluster	16723588
ARO:3002927	39361	vanR gene in vanL cluster	18458129
ARO:3002938	39372	vanS gene in vanL cluster	18458129
ARO:3002928	39362	vanR gene in vanM cluster	20733041
ARO:3002939	39373	vanS gene in vanM cluster	20733041
ARO:3002929	39363	vanR gene in vanN cluster	21807981
ARO:3002940	39374	vanS gene in vanN cluster	21807981
ARO:3002930	39364	vanR gene in vanO cluster	24342631
ARO:3002941	39375	vanS gene in vanO cluster	24342631
ARO:3002718	39152	QnrB4	16870791
ARO:3002756	39190	QnrB41	21830908
ARO:3002759	39193	QnrB44	26207437
ARO:3002761	39195	QnrB46	21816942
ARO:3002767	39201	QnrB54	25512409
ARO:3002769	39203	QnrB56	26169406
ARO:3002777	39211	QnrB65	24247140
ARO:3002749	39183	QnrB34	21844311
ARO:3003723	40377	vanI	25042042;19414574
ARO:3003724	40380	vanW gene in vanI cluster	16513756;19414574
ARO:3003725	40381	vanX gene in vanI cluster	25042042
ARO:3003726	40383	vanS gene in vanI cluster	16513756;19414574
ARO:3003727	40384	vanK gene in vanI cluster	25042042;19414574
ARO:3003728	40385	vanR gene in vanI cluster	25042042;19414574
ARO:3000423	36562	FomA	10681332;18701452
ARO:3002429	38829	OKP-A-12	19128913
ARO:3002434	38834	OKP-B-1	16304190
ARO:3000681	37025	patricin B	15700955
ARO:3000682	37026	ostreogrycin B3	15700955
ARO:3000683	37027	sulfacetamide	8133250
ARO:3000625	36969	polymyxin B1	11330807
ARO:3000820	37200	NfxB with mutations conferring antibiotic resistance	1330820;23924707;12727072;8878035
ARO:3000824	37204	ramR	19778917;19104017;18443112;19270312
ARO:3000826	37206	sdiA	20126629;11929524
ARO:3000686	37030	thiostrepton	5409975
ARO:3000524	36663	cpxAR	12618449;22496764
ARO:3000616	36910	mel	23114767;22137270;16189099
ARO:3003028	39462	lmrA	15317768;9384377
ARO:3002635	39035	APH(2'')-IIa	10991878
ARO:3002567	38967	AAC(6')-Iw	10188279
ARO:3000857	37237	16S ribosomal RNA methyltransferase	22547620;21177880;14667745
ARO:0000013	35932	amikacin	11083623;8385262;10103173
ARO:0000059	35976	cefepime	8150771
ARO:3000023	36032	aminocoumarin sensitive parE	12604514;16127057
ARO:3001711	38111	OXA-212	22128805
ARO:3000149	36288	FosA	15741169;15075406
ARO:3000150	36289	coumermycin A1	11036020;14285469;14285468;8231802
ARO:3000152	36291	minocycline	19862477;11381101
ARO:3000153	36292	APH(9)	9614079;20089863
ARO:3000155	36294	APH(4)	21084294
ARO:3000380	36519	FosC	7492106
ARO:3000382	36521	azidamfenicol	15539072
ARO:3000384	36523	AcrAB-TolC	8550435;21513882
ARO:3000254	36393	emrY	12501312
ARO:3000255	36394	glycopeptide resistance gene cluster VanF	10681342;15980329
ARO:3000466	36605	dalbavancin	27904526;15566329;17461743
ARO:3000467	36606	NDM-5	21930874
ARO:3001772	38172	OXA-59	15793160
ARO:3001716	38116	OXA-260	24277043
ARO:3001728	38128	OXA-272	24277043
ARO:3001742	38142	OXA-287	24277043
ARO:0000027	35946	roxithromycin	15980346;10582867
ARO:3001859	38259	IMI-2	21192875;15752444
ARO:0000028	35947	vancomycin	16323116
ARO:3003128	39705	OXA-436	29061750
ARO:3000496	36635	vanXY	10564477
ARO:3000730	37110	elongation factor G	9678602;17980694
ARO:3001317	37716	pleuromutilin	23589420
ARO:3003023	39457	dfrB6	16870788
ARO:3003058	39492	tunicamycin resistance gene	7766032
ARO:3000943	37323	TEM-77	10991849
ARO:3003310	39894	Mycoplasma hominis parC conferring resistance to fluoroquinolones	24948939
ARO:3003311	39895	Streptococcus pneumoniae parC conferring resistance to fluoroquinolones	8913454
ARO:3000582	36721	L1 beta-lactamase	18563261
ARO:3000790	37170	mdsB	17919284;20497225
ARO:3000798	37178	MexEF-OprN	10515918
ARO:3002219	38619	IMP-28	22668859
ARO:3000550	36689	aztreonam	3871589
ARO:3000935	37315	TEM-68	12019125;10817699
ARO:3000993	37373	TEM-129	15472005
ARO:3003548	40150	mdtN	8021163;19429622;11257026
ARO:3000697	37041	moenomycin A1	17117848
ARO:3002507	38907	PDC-8	19258272
ARO:3000601	36740	Erm(38)	16127056
ARO:3001897	38297	CTX-M-35	20138478
ARO:3002754	39188	QnrB39	21844311
ARO:0000009	35928	tunicamycin	1624425
ARO:3000863	37243	defensin resistant mprF	14769468;20498310;19915718
ARO:3000869	37249	streptothricin acetyltransferase (SAT)	8394835;3624064
ARO:3000870	37250	triclosan	10196195;19768684
ARO:3000871	37251	fatty acid synthesis enzyme targeted by antibiotic	14736233
ARO:3000872	37252	antibiotic sensitive enoyl-acyl carrier reductase	14736233
ARO:3000873	37253	TEM-1	33416461;20412308;5326330;358200
ARO:3000874	37254	TEM-2	358199;1107329
ARO:3000875	37255	TEM-3	2550326;3316146
ARO:3000877	37257	TEM-5	2550326;3293523
ARO:3000879	37259	TEM-7	3055178;2506109
ARO:3000880	37260	TEM-8	2558614;9925535;1416873
ARO:3000882	37262	TEM-10	2684007;8109951;9925535
ARO:3000887	37267	TEM-16	3055178;1416873
ARO:3000916	37296	TEM-47	9517925
ARO:3000919	37299	TEM-50	9174192
ARO:3000920	37300	TEM-51	9371365
ARO:3000923	37303	TEM-54	9925535
ARO:3000926	37306	TEM-57	10543745
ARO:3000928	37308	TEM-59	10390218
ARO:3000929	37309	TEM-60	9624494
ARO:3001121	37501	SHV-66	17288792
ARO:3001128	37508	SHV-74	19272757
ARO:3001134	37514	SHV-80	19272757
ARO:3001161	37541	SHV-112	21123157
ARO:3001202	37582	SHV-163	23587957
ARO:3003071	39606	mphF	17101677;29317655
ARO:3001398	37798	OXA-3	7785990
ARO:3002667	39067	rmtD	17158944;18222955
ARO:3002386	38786	BEL-2	19884378
ARO:3002371	38771	VEB-2	11807680
ARO:3001400	37800	OXA-5	3925874
ARO:3002668	39068	rmtG	23459483
ARO:3003000	39434	CfxA beta-lactamase	8517690
ARO:3003216	39800	Escherichia coli 16S rRNA mutation conferring resistance to aminoglycosides	15700953;8910275;11083623
ARO:3001111	37491	SHV-55	16938422
ARO:3001117	37497	SHV-62	19272757
ARO:0000057	35974	telithromycin	15700954
ARO:3003253	39837	aminocoumarin sensitive parY	1260451
ARO:3002458	38858	LEN-8	15215087
ARO:3003481	40077	Mycobacterium tuberculosis 16S rRNA mutation conferring resistance to amikacin	;35944069;30337678;9593173		978-92-4-008241-0
ARO:3000547	36686	arlRS	10633099
ARO:3000548	36687	Streptomyces rishiriensis strain DSM 40489 coumermycin A1 biosynthetic gene cluster	16868863;11036020
ARO:3000549	36688	adeS	22371895
ARO:3001065	37445	SHV-6	9228783
ARO:3002562	38962	AAC(6')-Is	10188279
ARO:3002995	39429	ROB-1	17438055;2024956
ARO:3000454	36593	polymyxin B	17201926
ARO:3001677	38077	OXA-236	23439638
ARO:3001236	37635	efrotomycin	950325;16677683;1590753;8515234
ARO:3000516	36655	emrR	7730261
ARO:3002772	39206	QnrB59	18426894
ARO:3002877	39311	BcI	29551437
ARO:3002879	39313	linG	17005845
ARO:3002881	39315	lmrC	16958846
ARO:3001667	38067	OXA-202	22422849
ARO:3003062	39496	ykkCD	10735877
ARO:3003063	39497	ykkC	10735877
ARO:3003066	39500	smeR	11796339
ARO:3003067	39501	smeS	11796339
ARO:3003064	39498	ykkD	10735877
ARO:3002883	39317	rgt1438	22802246
ARO:3002884	39318	iri	8980786
ARO:3002891	39325	Streptomyces rimosus otr(A)	1809836
ARO:3002892	39326	otr(B)	9867793
ARO:3002893	39327	tcr3	8534971
ARO:3002894	39328	otr(C)	22906146
ARO:3002895	39329	SAT-2	2550905;2157196
ARO:3002897	39331	SAT-4	8056285
ARO:3002898	39332	SAT-3	7640311
ARO:3002905	39339	VanS-VanR two-component regulatory system	1556077
ARO:3002906	39340	Van ligase	24342631;21807981;16723588;12019119;18458129;20733041;15980329;16323116
ARO:3002907	39341	vanE	12019119
ARO:3002908	39342	vanF	15980329
ARO:3002909	39343	vanG	12426332;16323116
ARO:3002910	39344	vanL	18458129
ARO:3002911	39345	vanM	20733041
ARO:3002912	39346	vanN	21807981
ARO:3002913	39347	vanO	24342631
ARO:3002914	39348	vanJ	22232274;15130128
ARO:3002915	39349	vanK	15632111;15130128
ARO:3002762	39196	QnrB47	24247140
ARO:3002778	39212	QnrB66	24247140
ARO:3000477	36616	determinant of aminocoumarin resistance	14993313;16868863;12604514
ARO:3002782	39216	QnrB70	24247140
ARO:3000336	36475	23S rRNA with mutation conferring antibiotic resistance	15700955;18174304
ARO:3000343	36482	tap	9811639;15057575
ARO:3000344	36483	EmrAB-TolC	7730261
ARO:3000345	36484	AAC(6')	15673721
ARO:3000359	36498	fosfomycin phosphotransferase	10681332;18701452
ARO:3000241	36380	determinant of lincosamide resistance	9756764;7687646
ARO:3000554	36693	mupirocin	21336932
ARO:3000590	36729	NDM-2	21427107
ARO:3000145	36284	tylosin	19793461
ARO:3002744	39178	QnrB29	21830908
ARO:3001044	37424	TEM-181	21947397
ARO:3000520	36659	isoniazid	8143118;19139099
ARO:3000521	36660	Staphylococcus aureus mupA conferring resistance to mupirocin	21421794;8067768;11599741
ARO:3000522	36661	ErmG	3025178
ARO:3002586	38986	AAC(6')-32	17938181
ARO:3000822	37202	pmrA	15205413;11850265;9869592;20709735
ARO:3000823	37203	ramA	18577510;15215103;12936981;7551053
ARO:3000827	37207	soxRS	7986007
ARO:3000678	37022	pristinamycin IC	15700955
ARO:3002566	38966	AAC(6')-Iv	10188279
ARO:3002568	38968	AAC(6')-Ix	10188279
ARO:3001690	38090	OXA-255	24566181
ARO:3000410	36549	sul1	17827139;18753343;19075060;21537009;17158944;11432417
ARO:3000412	36551	sul2	15722395;11432417
ARO:3000413	36552	sul3	12604565
ARO:3000444	36583	rphA	27103605;24778229;7928806
ARO:3000445	36584	rifampin monooxygenase	8980786;19942945
ARO:3000595	36734	ErmT	8171126
ARO:3000596	36735	ErmX	11408212
ARO:3001777	38177	OXA-347	22845886
ARO:3002258	38658	IND-2a	11036018
ARO:3002265	38665	IND-9	3876328
ARO:3000884	37264	TEM-12	2197339;7840586;9925535
ARO:3003224	39808	Escherichia coli 16S rRNA mutation conferring resistance to G418	11502507
ARO:3000689	37033	metronidazole	8444678
ARO:3001860	38260	IMI-3	21192875
ARO:3000492	36631	gene involved in self-resistance to antibiotic	16186494
ARO:3001265	37664	Erm(30)	14674753;9770448
ARO:0000063	35980	cefuroxime	1259408
ARO:3003308	39892	Escherichia coli parC conferring resistance to fluoroquinolones	25631675
ARO:3000448	36587	QepA1	17548499
ARO:3003219	39803	Escherichia coli 16S rRNA mutation conferring resistance to neomycin	11502507
ARO:3003020	39454	dfrA25	16980698
ARO:3000489	36628	sav1866	17303126;16943773
ARO:3003309	39893	Ureaplasma urealyticum parC conferring resistance to fluoroquinolones	27884651;25645833
ARO:3000501	36640	rpoB2	16569850
ARO:3002471	38871	LEN-24	19128913
ARO:3000043	36182	VEB beta-lactamase	10049269
ARO:3001064	37444	SHV-5	2088203
ARO:3001072	37452	SHV-13	10722518
ARO:3000394	36533	Actinoplanes teichomyceticus teicoplanin gene cluster	15113000
ARO:3000635	36979	dicloxacillin	3764352;3588519
ARO:3000637	36981	ampicillin	44765;3224398
ARO:3003550	40152	mdtP	19429622;11257026
ARO:3003317	39901	Salmonella serovars parE conferring resistance to fluoroquinolones	19104017
ARO:3002561	38961	AAC(6')-Ir	10188279
ARO:3003318	39902	Streptomyces rishiriensis parY mutant conferring resistance to aminocoumarin	14993313
ARO:3003319	39903	Staphylococcus aureus mprF with mutation conferring resistance to daptomycin	26055370;20498310;22238576;16723576
ARO:3000532	36671	aminocoumarin biosynthesis	16868863
ARO:3002990	39424	bacitracin resistance efflux pump	7476193
ARO:3001680	38080	OXA-242	23439638
ARO:3001719	38119	OXA-263	24277043
ARO:3001910	38310	CTX-M-48	16082008
ARO:3001957	38357	CTX-M-98	22325120
ARO:3003072	39614	mphL	29317655;25059531
ARO:3000653	36997	G418	4007271;6378088
ARO:3002472	38872	LEN-4	22809702
ARO:3000714	37094	folate synthesis enzyme targeted by antibiotic	4387360
ARO:3000073	36212	ACC beta-lactamase	10428914
ARO:3002474	38874	LEN-26	22809702
ARO:3002591	38991	AAC(6')-Ib-Suzhou	18843996
ARO:3000156	36295	spiramycin	7683018
ARO:3002592	38992	AAC(6')-Ib-Hangzhou	20833577
ARO:3002594	38994	AAC(6')-IIa	2515793
ARO:3000256	36395	glycopeptide resistance gene cluster VanM	20733041
ARO:3000257	36396	glycopeptide resistance gene cluster VanG	19851013;11036060;16323116
ARO:3001613	38013	OXA-64	15760431
ARO:3001617	38017	OXA-69	15760431
ARO:3000897	37277	TEM-27	7726515
ARO:3000902	37282	TEM-32	8257123
ARO:3000561	36700	tet(30)	9882678;11381101
ARO:3000858	37238	armA	27885285;20926221;19303884;21177880
ARO:3000859	37239	rmtA	14667745
ARO:3000860	37240	rmtB	20614151;19303884
ARO:3002553	38953	AAC(6')-If	7695286
ARO:0000064	35981	amoxicillin	19236222
ARO:3001257	37656	unphenelfamycin	2921230;3192490;3192489
ARO:3000245	36384	RbpA	21415119;16629670
ARO:3000246	36385	glycopeptide resistance gene cluster VanC	12615855;10817725;7986009;1551598;16323116
ARO:3001635	38035	OXA-82	17391399
ARO:3000978	37358	TEM-115	15047521
ARO:3000988	37368	TEM-126	15282240
ARO:3000984	37364	TEM-122	15105100
ARO:3000989	37369	TEM-127	15650379
ARO:3001326	37725	ganefromycin	8557574
ARO:3002666	39066	rmtF	26488937;22547620
ARO:3001399	37799	OXA-4	24426128
ARO:3002999	39433	CblA-1	7985999
ARO:3000704	37084	cefalotin	14251901;7571387
ARO:3001402	37802	OXA-7	3925874
ARO:3003250	39834	bcrC	15946938
ARO:3002648	39048	APH(3')-IVa	3006668
ARO:3001158	37538	SHV-109	18725449
ARO:3002524	38924	AAC(2')-Ib	8891143
ARO:3003254	39838	antibiotic sensitive DNA topoisomerase subunit gyrA	1657531
ARO:3003256	39840	antibiotic sensitive DNA topoisomerase subunit parC	1657531
ARO:3001043	37423	TEM-178	9371336
ARO:3001061	37441	SHV-2A	10223953
ARO:3000490	36629	tuberactinomycin	7509881;12936980
ARO:3000491	36630	acrD	10692383
ARO:3001193	37573	SHV-154	23587957
ARO:3000118	36257	vgaB	9427556;15728891
ARO:3000668	37012	oxytetracycline	11381101
ARO:3000676	37020	H-NS	14973023
ARO:3003325	39909	Mycobacterium tuberculosis variant bovis embB with mutation conferring resistance to ethambutol	25554388
ARO:3000627	36971	polymyxin B3	11330807
ARO:3000456	36595	thiamphenicol	15539072
ARO:3000058	36197	MIR beta-lactamase	1963529
ARO:3000621	36963	PC1 beta-lactamase (blaZ)	6793593;17986343
ARO:3000654	36998	arbekacin	7559197;10858356
ARO:3000515	36654	evgSA	11914367
ARO:3001665	38065	OXA-200	22422849
ARO:3001670	38070	OXA-231	22736746
ARO:3001671	38071	OXA-49	22842601
ARO:3001672	38072	OXA-120	22972816
ARO:3001676	38076	OXA-235	23439638
ARO:3001681	38081	OXA-278	23554204
ARO:3001652	38052	OXA-131	19567349
ARO:3001657	38057	OXA-173	20713680
ARO:3001868	38268	CTX-M-5	9687393
ARO:3001869	38269	CTX-M-6	9742701
ARO:3001870	38270	CTX-M-7	9742701
ARO:3001871	38271	CTX-M-8	10858358
ARO:3001872	38272	CTX-M-9	11850241
ARO:3001873	38273	CTX-M-10	11158766
ARO:3001959	38359	CTX-M-100	23050014
ARO:3001961	38361	CTX-M-102	22325120
ARO:3001962	38362	CTX-M-103	23926164
ARO:3001963	38363	CTX-M-104	22325120
ARO:3002210	38610	IMP-19	7938180
ARO:3002211	38611	IMP-20	21707466
ARO:3002212	38612	IMP-21	21707466
ARO:3002213	38613	IMP-22	19270313
ARO:3002319	38719	KPC-9	22964247
ARO:3002320	38720	KPC-10	20038618
ARO:3002321	38721	KPC-11	22322349
ARO:3002330	38730	GES-1	10681329
ARO:3002191	38591	MOX-9	26126492
ARO:3002232	38632	IMP-41	23536409
ARO:3002260	38660	IND-4	11036018
ARO:3002267	38667	IND-11	3876328
ARO:3002446	38846	OKP-B-13	16769193
ARO:3002450	38850	OKP-B-17	19128913
ARO:3002781	39215	QnrB69	24247140
ARO:3000337	36476	iclaprim	19622858;19289528
ARO:3000347	36486	ErmA	18952616
ARO:3000361	36500	EreA	22303981
ARO:3002650	39050	APH(3')-Vb	2851496
ARO:3002651	39051	APH(3')-Vc	1663923
ARO:3002852	39286	arr-7	19884381
ARO:3002584	38984	AAC(6')-29b	11158753
ARO:3000864	37244	fluoroquinolone resistant gyrB	22279180
ARO:3000865	37245	oleD	8244027;10766792;17376874
ARO:3000867	37247	oleandomycin	13425352
ARO:3000995	37375	TEM-131	15504851
ARO:3000999	37379	TEM-135	31202926;15731203
ARO:3000100	36239	gene modulating beta-lactam resistance	16143832
ARO:3000680	37024	patricin A	15700955
ARO:3000781	37161	adeJ	18086852
ARO:3000814	37194	MexT	26833155;11040437;10515918
ARO:3000817	37197	mtrR	7773394
ARO:3000829	37209	baeS	37345941;15716448;12107134
ARO:3000831	37211	CpxR	25294881;27736975;22496764
ARO:3000833	37213	evgS	11914367
ARO:3000835	37215	phoQ	24412662
ARO:3000839	37219	arlS	10633099
ARO:3000772	37152	AdeIJK	18086852
ARO:3000776	37156	Enterococcus faecium adeC	21173183
ARO:3000779	37159	adeH	20696879
ARO:3000782	37162	adeK	18086852
ARO:3000785	37165	cmeC	15728904
ARO:3000788	37168	MdtEF-TolC	14973023
ARO:3000791	37171	mdsC	17919284;20497225
ARO:3000799	37179	MexGHI-OpmD	12917802;15817779
ARO:3000802	37182	OprJ	9449262
ARO:3000805	37185	OprN	10515918
ARO:3000808	37188	MexI	12917802;15817779
ARO:3000812	37192	mtrE	14500476
ARO:3000815	37195	mgrA	12730173;15774883
ARO:3000818	37198	nalC	27412168;27060003;15387820
ARO:3000975	37355	TEM-112	15282240
ARO:3000938	37318	TEM-72	10952610
ARO:3000773	37153	CmeABC	27651364;15728904
ARO:3000809	37189	OpmD	12937010;12177331;12917802;15817779
ARO:3000819	37199	nalD	15855496
ARO:3000619	36913	fluoroquinolone resistant parC	18471102;8913454;9293187
ARO:3002565	38965	AAC(6')-Iu	10188279
ARO:3001686	38086	OXA-315	24247131
ARO:3000517	36656	rifaximin	15667909
ARO:3000518	36657	CRP	18503189
ARO:0000079	35996	clavulanic acid	879738
ARO:0000078	35995	piperacillin	11735679
ARO:3001692	38092	OXA-229	22508298
ARO:3001707	38107	OXA-103	18195058
ARO:0000022	35941	polymyxin antibiotic	11706007
ARO:3001713	38113	OXA-214	22128805
ARO:3000101	36240	GenBank Exemplar	21071399
ARO:3000319	36458	mphC	29317655;17302923;12670694
ARO:3000970	37350	TEM-107	11959586
ARO:3001020	37400	TEM-154	17913717
ARO:3000794	37174	mdtC	12107133
ARO:3000698	37042	sulfasalazine	22555
ARO:3001723	38123	OXA-267	24277043
ARO:3001813	38213	OXA-55	15105119
ARO:3001818	38218	ACC-4	17664321
ARO:3001823	38223	ACT-3	18789849
ARO:3001746	38146	OXA-291	24277043
ARO:3003193	39770	QnrVC7	23595824
ARO:3003147	39724	OXA-424	25487793
ARO:3003148	39725	OXA-425	25487793
ARO:3003150	39727	CARB-20	23469330
ARO:3003195	39772	GIM beta-lactamase	15561840
ARO:3003046	39480	qacA	12820795
ARO:3001123	37503	SHV-69	17288792
ARO:3001136	37516	SHV-82	19272757
ARO:3001150	37530	SHV-101	17804424
ARO:3002634	39034	APH(2'')-Ie	17030911
ARO:3000691	37035	bleomycin A2	15700963
ARO:3000674	37018	dalfopristin	15700955
ARO:3002470	38870	LEN-23	19128913
ARO:3000500	36639	phosphonoacetaldehyde methyltransfererase	1468993;16015285
ARO:3003549	40151	mdtO	19429622;11257026
ARO:3002560	38960	AAC(6')-Iq	9624504
ARO:3000695	37039	actinomycin	2410919
ARO:3000696	37040	dactinomycin	2410919
ARO:3000600	36739	Erm(34)	14711653
ARO:3002428	38828	OKP-A-11	19128913
ARO:3003035	39469	mfpA	15933203
ARO:3002492	38892	LRA-18	18843302
ARO:3002493	38893	SRT-1	8540730
ARO:3001259	37658	GE37468	21788474
ARO:3003039	39473	OprA	22282519
ARO:3001726	38126	OXA-270	24277043
ARO:3001803	38203	OXA-142	20482453
ARO:3001187	37567	SHV-148	23587957
ARO:3000658	37002	lividomycin	4586150;5091208
ARO:3003232	39816	Lipid III	25561178
ARO:3000558	36697	sulfonamide resistant dihydropteroate synthase	11432417
ARO:3000559	36698	adeN	22371895
ARO:3000640	36984	doripenem	16307551;15047550
ARO:3000643	36987	cefotiam	18611654
ARO:3000617	36911	mecA	27547406;12389036;2708325;15226303;6563036;21931689;21636525;3878127;18718557
ARO:3001192	37572	SHV-153	23587957
ARO:3001195	37575	SHV-156	23587957
ARO:3001200	37580	SHV-161	23587957
ARO:3001610	38010	OXA-243	22944724
ARO:3000982	37362	TEM-120	15047521
ARO:3000987	37367	TEM-125	16801418
ARO:0000001	35920	fluoroquinolone antibiotic	23010009;3802748;3311572
ARO:0000065	35982	clarithromycin	7683018
ARO:3000005	36014	vanD	10368136
ARO:3000044	36183	CARD-HMM	20180275
ARO:3000192	36331	tet(S)	7840565;8370538
ARO:3000193	36332	tet(T)	8980765
ARO:3000194	36333	tet(W)	10681357
ARO:3000560	36699	Erm-like 23S rRNA methyltransferase	20618865;10582867
ARO:3001683	38083	OXA-312	24247131
ARO:3001685	38085	OXA-314	24247131
ARO:3001688	38088	OXA-317	24247131
ARO:3001689	38089	OXA-253	24566181
ARO:3001691	38091	OXA-228	22508298
ARO:3001694	38094	OXA-257	23934740
ARO:3001695	38095	OXA-134	20837764
ARO:3001702	38102	OXA-133	19015330
ARO:3001703	38103	OXA-86	16816400
ARO:3001704	38104	OXA-87	16816400
ARO:3001705	38105	OXA-72	17846127
ARO:3001710	38110	OXA-211	22128805
ARO:3001712	38112	OXA-213	22128805
ARO:3001715	38115	OXA-259	24277043
ARO:3001722	38122	OXA-266	24277043
ARO:3001727	38127	OXA-271	24277043
ARO:3001745	38145	OXA-290	24277043
ARO:3001763	38163	OXA-308	24277043
ARO:3001764	38164	OXA-63	18212108
ARO:3001767	38167	OXA-137	18719182
ARO:3001769	38169	OXA-42	12356787
ARO:3001773	38173	OXA-61	15917560
ARO:3001779	38179	OXA-146	23877677
ARO:3001653	38053	OXA-132	19567349
ARO:3001658	38058	OXA-174	20713680
ARO:3001147	37527	SHV-95	21383920
ARO:3001668	38068	OXA-219	22422849
ARO:3001609	38009	OXA-114a	18362192
ARO:3001160	37540	SHV-111	19343954
ARO:3002827	39261	tlrC	1864505
ARO:3002804	39238	FosA2	21392044
ARO:3002750	39184	QnrB35	21844311
ARO:3002771	39205	QnrB58	26169406
ARO:3000906	37286	TEM-36	28369408;8067742
ARO:3000866	37246	oleI	17376874
ARO:3000876	37256	TEM-4	2550326;2692515
ARO:3000878	37258	TEM-6	3312022
ARO:3000883	37263	TEM-11	2665644;9925535
ARO:3000888	37268	TEM-17	10681352
ARO:3000892	37272	TEM-21	2184088;9687421;8586268;10103213
ARO:3000896	37276	TEM-26	1416892
ARO:3000914	37294	TEM-45	9021194
ARO:3000917	37297	TEM-48	9517925
ARO:3000921	37301	TEM-52	9449269
ARO:3000925	37305	TEM-56	10639384
ARO:3000927	37307	TEM-58	9559800
ARO:3000907	37287	TEM-37	26809117;7726509
ARO:3000915	37295	TEM-46	9056022
ARO:3000922	37302	TEM-53	9925535
ARO:3000930	37310	TEM-61	2665644
ARO:3000962	37342	TEM-95	12234838
ARO:3000911	37291	TEM-42	8913451
ARO:3000942	37322	TEM-76	10991849
ARO:3001330	37729	mdtD	12107133
ARO:3000949	37329	TEM-82	10991849
ARO:3000956	37336	TEM-89	11709345
ARO:3000950	37330	TEM-83	10991849
ARO:3000957	37337	TEM-90	11557499
ARO:3000967	37347	TEM-104	27598630;16533535
ARO:3000944	37324	TEM-78	10991849
ARO:3000968	37348	TEM-105	16533535
ARO:3000974	37354	TEM-111	22450979
ARO:3000709	37089	cell wall synthesis enzyme targeted by antibiotic	1436736
ARO:3000710	37090	cell membrane component targeted by antibiotic	8528769;4334683;20818945;17572379
ARO:3000712	37092	nucleic acid synthesis machinery targeted by antibiotic	22458504
ARO:3000715	37095	isoprenoid synthesis enzyme targeted by antibiotic	16321944;17430177
ARO:3000749	37129	beta-lactam sensitive penicillin-binding protein	3055170
ARO:3000979	37359	TEM-116	15243036
ARO:3000981	37361	TEM-118	12354869
ARO:3001021	37401	TEM-155	19075050
ARO:3000528	36667	chlortetracycline	19862477;11381101
ARO:3000530	36669	rifabutin	15700959
ARO:3003037	39471	opcM	8834871
ARO:3000463	36602	gimA	9756764
ARO:3000464	36603	Neisseria gonorrhoeae porin PIB (por)	12183233;16547016;9797206
ARO:3001659	38059	OXA-175	20713680
ARO:3001669	38069	OXA-223	22422849
ARO:3002517	38917	OCH-4	11451692
ARO:3000189	36328	oritavancin	27904526;15954849;18258256
ARO:3000589	36728	NDM-1	29454953;24790993;27575913;19770275;21774017;21507902
ARO:0000038	35956	netilmicin	11083623;8385262;10103173
ARO:0000040	35958	streptomycin	11083623;8385262;10103173
ARO:3002473	38873	LEN-17	22809702
ARO:3000792	37172	mdtA	12107133
ARO:3000795	37175	mdtE	23380871
ARO:3000797	37177	MexCD-OprJ	18474583;36555423;8849250;9449262
ARO:3000800	37180	MexC	9449262
ARO:3000803	37183	MexE	10515918
ARO:3003441	40028	cfrA	28663118;10952608;15700955;18174304;17145796
ARO:3001216	37615	mdtH	15686558;19678712
ARO:3001218	37617	trimethoprim resistant dihydrofolate reductase dfr	20169085
ARO:3002593	38993	AAC(6')-Ib-SK	3838980
ARO:3000960	37340	TEM-93	15855509
ARO:3000729	37109	ribosomal complex	202460;17515906
ARO:3001611	38011	OXA-58	15616297
ARO:3001612	38012	OXA-51	15649299
ARO:3001314	37713	retapamulin	16940066;16801451;17065625;17360517
ARO:3001315	37714	valnemulin	22070694;11555289
ARO:3001318	37717	macrocyclic antibiotic	24864039;22142153
ARO:3001319	37718	fidaxomicin	21862392;22752863;21288078;24064437
ARO:3001316	37715	azamulin	14709627
ARO:3001620	38020	OXA-75	16189095
ARO:3001682	38082	OXA-254	23719027
ARO:3001679	38079	OXA-241	23439638
ARO:3000250	36389	ErmC	18439898;2113911;2492520;6792593
ARO:3000251	36390	msrA	15914491
ARO:3000586	36725	pulvomycin	7957075;15581367;364475;16734421
ARO:3000198	36337	FosX	17567049
ARO:3002596	38996	AAC(6')-IIc	15761066
ARO:3002495	38895	CTX-M-85	18984647
ARO:3002597	38997	AAC(6')-Ie-APH(2'')-Ia bifunctional protein	10021417;2833561
ARO:3002598	38998	ANT(3'')-II-AAC(6')-IId bifunctional protein	11959575
ARO:3002599	38999	AAC(6')-30/AAC(6')-Ib' bifunctional protein	15561846
ARO:3002600	39000	AAC(3)-Ib/AAC(6')-Ib3 bifunctional protein	11850242
ARO:3002602	39002	aadA2	17526756
ARO:3002603	39003	aadA3	1314803
ARO:3002604	39004	aadA4	12910271;18458128
ARO:3002605	39005	aadA5	10582907
ARO:3002606	39006	aadA6	10673049
ARO:3002607	39007	aadA7	15117923
ARO:3002608	39008	aadA8	19719593
ARO:3002609	39009	aadA9	12383729
ARO:3002611	39011	aadA11	16451415
ARO:3002613	39013	aadA13	18268088
ARO:3002614	39014	aadA14	15980396
ARO:3002615	39015	aadA15	16816399
ARO:3002616	39016	aadA16	19008256
ARO:3002617	39017	aadA17	22127350
ARO:3002618	39018	aadA21	12760885
ARO:3002619	39019	aadA22	17597002
ARO:3002620	39020	aadA23	15761062
ARO:3002621	39021	aadA24	17650961
ARO:3002626	39026	ANT(6)-Ia	2168151;19603075;15774886
ARO:3002627	39027	aadK	8293959;2550327
ARO:3002628	39028	aad(6)	17407061;11735367
ARO:3002629	39029	ANT(6)-Ib	20479200
ARO:3002630	39030	ANT(9)-Ia	23511231;3004956;2993813
ARO:3002631	39031	spd	24402501
ARO:3002859	39293	dfrA14	18794381
ARO:3002846	39280	arr-1	9371349
ARO:3002847	39281	arr-2	10103210
ARO:3002848	39282	arr-3	21683552
ARO:3002849	39283	arr-4	18299416
ARO:3002850	39284	arr-5	18299416
ARO:3002853	39287	arr-8	23752512
ARO:3002854	39288	dfrA1	15388464
ARO:3002855	39289	dfrA2d	17350987
ARO:3002856	39290	dfrA24	17307981
ARO:3002857	39291	dfrA26	17307981
ARO:3002858	39292	dfrA12	20660690;12183252
ARO:3002860	39294	dfrA17	20236427
ARO:3002866	39300	dfrD	9145882
ARO:3002867	39301	dfrF	24492367
ARO:3002868	39302	dfrG	16127079
ARO:3002873	39307	FosB3	24205114
ARO:3002874	39308	FosC2	20404116
ARO:3002875	39309	dfrE	9869579
ARO:3002812	39246	pp-flo	8908612
ARO:3002813	39247	lmrB	15317768
ARO:3002814	39248	clbA	22547628
ARO:3002815	39249	clbB	29259290;22547628
ARO:3002817	39251	carA	1612454
ARO:3002818	39252	msrB	1426997
ARO:3002823	39257	ErmH	3036668
ARO:3002824	39258	ErmV	9055987;6163765
ARO:3002825	39259	ErmY	9809423
ARO:3002828	39262	srmB	1612454
ARO:3002829	39263	vgaA	23796922
ARO:3002830	39264	vgaALC	17015629
ARO:3002831	39265	vgaC	20876620;19470508
ARO:3002832	39266	vgaD	20713681
ARO:3002833	39267	vgaE	21768510
ARO:3002835	39269	lnuA	17329268
ARO:3002836	39270	lnuB	24048528;10103201
ARO:3002837	39271	lnuC	15980341
ARO:3002838	39272	lnuD	18086844
ARO:3002839	39273	lnuF	15242512
ARO:3002840	39274	vatA	8344533
ARO:3002843	39277	vatD	11600385
ARO:3002844	39278	vatE	11023445
ARO:3002845	39279	vatH	20713681
ARO:3002670	39104	cat	2697637;1461942;12603745;19459958;2013403;11743194;12732947;1650008;1929326;3900035;1517170;1406372;3860383;3865770;12726767;11553538;2993795;3110008;1929282;11677608;11735367;9349809;1713259;2227449;6950931
ARO:3002671	39105	Limosilactobacillus reuteri cat-TC	8954883
ARO:3002672	39106	Bacillus pumilus cat86	6315534
ARO:3002678	39112	Pseudomonas aeruginosa catB6	10103196
ARO:3002679	39113	Pseudomonas aeruginosa catB7	10361706;10984043
ARO:3002680	39114	catB8	12760886
ARO:3002681	39115	catB9	10952301;11952913
ARO:3002682	39116	catD	11069682
ARO:3002683	39117	catA1	1650008;390403
ARO:3002684	39118	catII	2268278
ARO:3002685	39119	catIII	3048245
ARO:3002686	39120	catP	9744970;7565113
ARO:3002687	39121	catQ	2039197
ARO:3002688	39122	catS	8109922
ARO:3002689	39123	Plasmid-encoded cat (pp-cat)	8271973
ARO:3002690	39124	Streptomyces lividans cmlR	1779766;3011609
ARO:3002691	39125	Salmonella enterica cmlA	11959555
ARO:3002706	39140	ethambutol resistant embC	19112008
ARO:3002707	39141	QnrA1	11943863
ARO:3002708	39142	QnrA2	16020539
ARO:3002709	39143	QnrA3	16048974
ARO:3002710	39144	QnrA4	16048974
ARO:3002711	39145	QnrA5	16048974
ARO:3002712	39146	QnrA6	16961639
ARO:3002713	39147	QnrA7	34914577
ARO:3002714	39148	QnrB1	16569827
ARO:3002715	39149	QnrB2	16569827
ARO:3002716	39150	QnrB3	16870791
ARO:3002816	39250	clbC	22547628
ARO:3002693	39127	cmlA1	1658833;1648560;12936998;11600350
ARO:3002694	39128	cmlA4	10681329
ARO:3002695	39129	cmlA5	10049269;19719593
ARO:3002696	39130	cmlA6	11353602
ARO:3002698	39132	cmlB	9756755
ARO:3002699	39133	cmlB1	17224413
ARO:3002700	39134	cmlv	7592948
ARO:3002701	39135	Rhodococcus fascians cmr	1406276
ARO:3002702	39136	cmrA	9226278
ARO:3002704	39138	fexA	14742219
ARO:3002705	39139	floR	11101601;10991873;19292580;12493808;10339826;17224413;14645321;11544236;11451703;12107144;11600347
ARO:3002719	39153	QnrB5	16804843
ARO:3002720	39154	QnrB6	19392890
ARO:3002721	39155	QnrB7	17561500
ARO:3001030	37410	TEM-164	19728777
ARO:3001036	37416	TEM-170	21903826
ARO:3001016	37396	TEM-149	18160520
ARO:3001031	37411	TEM-165	21860889
ARO:3001035	37415	TEM-169	19785534
ARO:3001038	37418	TEM-172	21903826
ARO:3000594	36733	ErmR	1768148
ARO:3001070	37450	SHV-11	9145849
ARO:3001062	37442	SHV-3	2694951;2033379
ARO:3001063	37443	SHV-4	2694955
ARO:3001071	37451	SHV-12	9145849
ARO:3001075	37455	SHV-16	11502518
ARO:3006889	45351	GMB-1	35257174
ARO:3006981	45443	RSA2-1	29316517
ARO:3007026	45570	salB	35137182
ARO:3007027	45571	salC	35137182
ARO:3007028	45572	salD	35137182
ARO:3007029	45573	salE	35137182
ARO:3007030	45589	sal-type ABC-F protein	35137182
ARO:3007031	45590	relebactam	22526311;21916523
ARO:3007032	45591	Erm(50)	31844016
ARO:3007033	45592	Erm(51)	32291839
ARO:3007035	45594	tetracenomycin C	11851469
ARO:3007036	45595	tetracenomycin X	32601485
ARO:3007037	45596	tetracenomycin A2	3460987;7982994
ARO:3007039	45598	chlorhexidine	13172429
ARO:3007040	45599	cefotaxime-ceftiofur-tazobactam-clavulanate	34920071
ARO:3007041	45600	Erm(52)	33956520
ARO:3007042	45601	msr(G)	33118027
ARO:3007044	45603	mef(F)	33118027
ARO:3007045	45604	enrofloxacin	9278889
ARO:3007046	45605	marbofloxacin	8383902;8583541;8235542
ARO:3007047	45606	mef(H)	33956520
ARO:3007048	45607	xeruborbactam	34902261
ARO:3007050	45609	mreA	9420045
ARO:3007051	45610	Helicobacter pylori rpoB mutation conferring resistance to rifampicin	10817737;30774400;30815255;17350989;10348780
ARO:3007052	45612	Helicobacter pylori gyrA conferring resistance to fluoroquinolones	40164521;38089809;25003707;32471292;27906990;28018334;27809767;25499186;22064536;22515359;21762270;30774400
ARO:3007053	45613	Helicobacter pylori gyrB conferring resistance to fluoroquinolones	22221614;25003707;21793912;30774400
ARO:3007054	45614	Helicobater pylori 16S RNA mutants conferring resistance to tetracycline	20035020;12183259
ARO:3007055	45615	Helicobacter pylori rdxA mutation conferring resistance to metronidazole	37485536;33593015;32099422;30621024;21801504;31744181;10681326;9622362;24827414;27809767
ARO:3007056	45616	Antibiotic resistant Helicobacter pylori nitroreductase	11489869
ARO:3007057	45617	Helicobacter pylori pbp3 conferring resistance to amoxicillin	31801839;18276599
ARO:3007058	45619	Helicobacter pylori pbp2 mutants conferring resistance to amoxicillin	31801839;18276599
ARO:3007059	45620	Helicobacter pylori frxA mutation conferring resistance to metronidazole	33593015;32099422;30621024;21801504;25132107;27809767
ARO:3003729	40418	Staphylococcus aureus ileS with mutation conferring resistance to mupirocin	11796355
ARO:3003730	40419	Bifidobacterium bifidum ileS conferring resistance to mupirocin	21421794
ARO:3003731	40386	fusD	17325218
ARO:3003733	40388	fusC	17325218
ARO:3003734	40389	antibiotic resistant fusA	19289529
ARO:3003735	40390	Staphylococcus aureus fusA with mutation conferring resistance to fusidic acid	33353175;12519196;20430787;11309125;20566766;19289529
ARO:3003736	40391	antibiotic resistant fusE	19289529
ARO:3003737	40392	Staphylococcus aureus fusE with mutation conferring resistance to fusidic acid	20430787;20729356;17923494;19289529
ARO:3003741	40396	mphE	29317655;17261525
ARO:3003742	40397	mphG	25765542;29317655
ARO:3003744	40399	vatF	10722489
ARO:3003745	40401	mef(C)	22446310
ARO:3003746	40402	optrA	25977397
ARO:3003747	40403	determinant of oxazolidinone resistance	25977397
ARO:3003748	40404	oleC	8326867
ARO:3003749	40405	salA	25891423;24687494
ARO:3003751	40407	Escherichia coli nfsA mutations conferring resistance to nitrofurantoin	26552976;18544599;15684426
ARO:3003752	40409	pleuromutilin resistance efflux pump	23836170
ARO:3003753	40410	determinant of pleuromutilin resistance	23836170
ARO:3003754	40411	antibiotic resistant nfsA	18544599;338576;9791100;15684426
ARO:3003755	40412	Antibiotic resistant nfsB	8947835;7011517;338576;9791100
ARO:3003756	40413	Escherichia coli nfsB with mutation conferring resistance to nitrofurantoin	26552976;18544599;9791100
ARO:3003760	40417	Enterococcus faecalis cls with mutation conferring resistance to daptomycin	24957825;23959318;23114777
ARO:3003761	40408	eatAv	22366422;23836170
ARO:3003762	40400	lnuE	24366733
ARO:3003763	40420	determinant of nitrofuran resistance	18544599
ARO:3003767	40436	mphM	29317655;25059531
ARO:3003769	40441	Staphylococcus aureus mprF	14769468;20498310;19915718
ARO:3003770	40442	Listeria monocytogenes mprF	17042784;19915718
ARO:3003771	40444	VgaA	18838584
ARO:3003772	40445	Brucella suis mprF	19915718
ARO:3003773	40447	Clostridium perfringens mprF	19915718
ARO:3003774	40449	Streptococcus agalactiae mprF	19915718
ARO:3003939	40662	Salmonella enterica parC conferring resistance to fluoroquinolones	27630841
ARO:3003940	40664	Shigella flexneri gyrA conferring resistance to fluoroquinolones	27620866
ARO:3003941	40666	Shigella flexneri parC conferring resistance to fluoroquinolones	27620866
ARO:3003942	40695	abcA	24509312;26160745;19800843
ARO:3003943	40698	DrrABC	19651502;9651400;19063901
ARO:3003944	40699	drrA	9006006
ARO:3003945	40700	drrB	9006006
ARO:3003946	40701	drrC	8655504;19651502
ARO:3003947	40702	EfrAB	25084670;14638474
ARO:3003948	40703	efrA	25084670;14638474
ARO:3003949	40704	efrB	25084670;14638474
ARO:3003950	40720	msbA	27499013;12195740;12358070;19678712
ARO:3003951	40721	microcin J25	15200952
ARO:3003952	40722	YojI	15866933
ARO:3003953	40723	hmrM	14695443;16614254
ARO:3003954	40724	efmA	19252300
ARO:3003955	40726	efpA	9008277;21871582;15215089
ARO:3002722	39156	QnrB8	17561500
ARO:3002723	39157	QnrB9	24093472
ARO:3002724	39158	QnrB10	17938184
ARO:3002725	39159	QnrB11	18426894
ARO:3002732	39166	QnrB17	22850691
ARO:3002734	39168	QnrB19	18519717
ARO:3002735	39169	QnrB20	18993034
ARO:3002736	39170	QnrB21	18426894
ARO:3002737	39171	QnrB22	20421404
ARO:3002739	39173	QnrB24	21816943
ARO:3002740	39174	QnrB25	22850691
ARO:3002742	39176	QnrB27	21830908
ARO:3002743	39177	QnrB28	21830908
ARO:3002745	39179	QnrB30	21830908
ARO:3002746	39180	QnrB31	21816942
ARO:3002747	39181	QnrB32	21844311
ARO:3002751	39185	QnrB36	21844311
ARO:3002755	39189	QnrB40	21830908
ARO:3002758	39192	QnrB43	23162539
ARO:3002763	39197	QnrB48	23162539
ARO:3002764	39198	QnrB49	22731858
ARO:3002765	39199	QnrB50	23162539
ARO:3002768	39202	QnrB55	27192164
ARO:3002773	39207	QnrB60	23529729
ARO:3002775	39209	QnrB62	27572415
ARO:3002776	39210	QnrB64	24247140
ARO:3002783	39217	QnrB71	24247140
ARO:3002784	39218	QnrB72	26169406
ARO:3002787	39221	QnrC	19258263
ARO:3002788	39222	QnrD1	19029321
ARO:3002790	39224	QnrS1	15673773
ARO:3002794	39228	QnrS5	22024339
ARO:3002795	39229	QnrS6	22024339
ARO:3002798	39232	QnrS9	24458509
ARO:3002799	39233	QnrVC1	18598639
ARO:3002800	39234	QnrVC3	20516288
ARO:3002801	39235	QnrVC4	23098826
ARO:3002802	39236	QnrVC5	23800600
ARO:3002803	39237	QnrVC6	23800600
ARO:3001024	37404	TEM-158	17709463
ARO:3001040	37420	TEM-174	21903826
ARO:3007009	45477	ANT3310	33306385
ARO:3007010	45478	norC	23929475;16495280
ARO:3007011	45479	mdeA	23462018
ARO:3007012	45481	sepA	12499635
ARO:3007013	45482	sdrM	16508166
ARO:3007014	45483	qacJ	14506007
ARO:3007015	45484	qacG	10196743
ARO:3007017	45486	SHD-1	29020980
ARO:3007019	45490	fexB	22096043
ARO:3007020	45491	PFM-like beta-lactamase	34725905;31685461
ARO:3007021	45492	PFM-4	34725905
ARO:3007022	45493	prulifloxacin	34905092;9531524;1667252
ARO:3007023	45495	NDM-33	34643418
ARO:3007024	45496	lascufloxacin	28320717
ARO:3007025	45497	sarecycline	30397052
ARO:3007148	45730	cefepime-taniborbactam	31871094
ARO:3007149	45731	phosphonic acid antibiotic	10477522;5809587
ARO:3007150	45732	bicyclomycin-like antibiotic	7487110
ARO:3007151	45733	mupirocin-like antibiotic	21336932
ARO:3007152	45734	isoniazid-like antibiotic	8143118
ARO:3007153	45735	fusidane antibiotic	32915993
ARO:3007154	45736	cycloserine-like antibiotic	4555420
ARO:3007155	45737	pyrazine antibiotic	26104205
ARO:3007156	45738	thioamide antibiotic	26586647
ARO:3007160	45742	zoliflodacin-like antibiotic	31730160
ARO:3007161	45743	thiosemicarbazone antibiotic	33022959;18094751
ARO:3007162	45744	protegrin-1-like antibiotic	20167788
ARO:3007163	45745	albendazole-like antibiotic	35453279
ARO:3007165	45747	gemifloxacin	12764426
ARO:3007166	45748	orthosomycin antibiotic	27330110
ARO:3007167	45749	evernimicin	27330110
ARO:3007168	45750	avilamycin	27330110
ARO:3007169	45751	pirlimycin	12584673
ARO:3007171	45907	enmetazobactam	32253212;35486701
ARO:3007172	45908	methimazole	35197545
ARO:3007173	45909	lipoic acid	35197545
ARO:3007174	45910	scutellarin	35247333
ARO:3007175	45911	TP0586532	35647694
ARO:3007176	45912	TNP-2198	35175750
ARO:3007178	45914	nitazoxanide	35587063
ARO:3007179	45918	class A Mycobacterium abscessus beta-lactamase	28096155;24132992
ARO:3007180	45919	MAB	28096155;24132992
ARO:3007181	45920	class A Mycobacterium tuberculosis bla beta-lactamase	20353175;24132992
ARO:3007182	45921	blaC	20353175;24132992
ARO:3007184	45923	multidrug resistant Rv1258c	35158297;30837962
ARO:3007185	45924	Mycobacterium tuberculosis Rv1258c mutations confer resistance to ethambutol and capreomycin	35158297
ARO:3007186	45925	Mycobacterium tuberculosis Rv1258c mutations confer resistance to pyrazinamide, isoniazid, and streptomycin	30837962
ARO:3007187	45926	glycopeptide resistance gene cluster vanP	34505571
ARO:3007188	45927	vanH gene in vanP cluster	34505571
ARO:3007189	45928	vanP	34505571
ARO:3007190	45929	vanX gene in vanP cluster	34505571
ARO:3007191	45930	vanR gene in vanP cluster	34505571
ARO:3007192	45931	vanS gene in vanP cluster	34505571
ARO:3003775	40451	Escherichia coli murA with mutation conferring resistance to fosfomycin	8281938;8664284;23143172;20071153
ARO:3003776	40453	Staphylococcus aureus murA with mutation conferring resistance to fosfomycin	26793179
ARO:3003777	40454	Borreliella burgdorferi murA with mutation conferring resistance to fosfomycin	21294548
ARO:3003778	40460	Mycolicibacterium smegmatis ndh with mutation conferring resistance to isoniazid	15673755
ARO:3003779	40461	Mycobacterium tuberculosis variant bovis ndh with mutation conferring resistance to isoniazid	15673755
ARO:3003780	40463	nybomycin	22534508;16589716
ARO:3003781	40464	determinant of nybomycin resistance	22534508
ARO:3003782	40465	nybomycin resistant gyrA	22534508
ARO:3003784	40467	Mycobacterium tuberculosis intrinsic murA conferring resistance to fosfomycin	22404577;10589726
ARO:3003785	40469	Chlamydia trachomatis intrinsic murA conferring resistance to fosfomycin	12562791
ARO:3003788	40473	Bacillus subtilis pgsA with mutation conferring resistance to daptomycin	21709092;12044378
ARO:3003789	40474	Campylobacter jejuni gyrA conferring resistance to fluoroquinolones	26658311
ARO:3003790	40475	Enterococcus faecium liaF mutant conferring daptomycin resistance	21899450;15793168
ARO:3003791	40476	Enterococcus faecalis liaS mutant conferring daptomycin resistance	21899450
ARO:3003792	40477	Enterococcus faecalis liaR mutant conferring daptomycin resistance	23959318
ARO:3003793	40478	SPM-1	12407123;16239284
ARO:3003794	40479	Staphylococcus aureus walK with mutation conferring resistance to daptomycin	23554895;16723576
ARO:3003795	40480	daptomycin resistant walK	23554895
ARO:3003796	40481	Acinetobacter baumannii ampC beta-lactamase	21304033
ARO:3003797	40482	Enterococcus faecalis YybT with mutation conferring daptomycin resistance	19901023;23959318
ARO:3003798	40483	daptomycin resistant YybT	19901023;23959318
ARO:3003800	40485	Enterococcus faecalis gdpD with mutation conferring daptomycin resistance	23959318
ARO:3003801	40486	bcr-1	25085655;26093374
ARO:3003802	40487	daptomycin resistant gdpD	23959318
ARO:3003803	40488	Staphylococcus aureus agrA with mutation conferring resistance to daptomycin	22685286;23554895
ARO:3003804	40489	daptomycin resistant agrA	22685286;23554895
ARO:3003805	40490	Enterococcus faecalis gshF with mutation conferring daptomycin resistance	23959318
ARO:3003806	40491	daptomycin resistant gshF	23959318
ARO:3003807	40492	Escherichia coli AcrR with mutation associated with multidrug resistance	16189130
ARO:3003808	40493	carO	15793123
ARO:3003809	40495	Acinetobacter baumannii OprD conferring resistance to imipenem	16335991
ARO:3003810	40497	kirromycin self resistant EF-Tu	9043138
ARO:3003811	40499	adeC	21173183
ARO:3003812	40500	Acinetobacter baumannii adeC	21173183
ARO:3003813	40502	Enterococcus faecalis drmA with mutation conferring daptomycin resistance	23959318
ARO:3003814	40503	daptomycin resistant drmA	23959318
ARO:3003815	40504	Enterococcus faecalis YvlB with mutation conferring daptomycin resistance	23959318
ARO:3003816	40505	daptomycin resistant YvlB	23959318
ARO:3003817	40507	Acinetobacter baumannii gyrA conferring resistance to fluoroquinolones	15282231;21304033
ARO:3003818	40508	Acinetobacter baumannii parC conferring resistance to fluoroquinolones	36010006;27175500
ARO:3003820	40510	mgrB	25190723
ARO:3003821	40512	BAL30072	23449829;20308379
ARO:3003822	40513	battacin	22183171
ARO:3003823	40514	benzalkonium chloride	9079913
ARO:3003824	40515	cotrimoxazole	14585855;21139863
ARO:3003826	40517	daunomycin	4290058;9079913
ARO:3003827	40518	rhodamine	9079913
ARO:3003828	40519	adiY - depracated	8704970;12867448
ARO:3003829	40520	sulfamethazine	21821756;17326971
ARO:3003830	40521	aminocoumarin-resistant alaS	10217798
ARO:3003831	40522	temocillin	22294983;22115539
ARO:3003832	40523	ticarcillin	21504594;22252797
ARO:3003833	40524	fyuA	10518744;22280887;7984105
ARO:3003834	40525	gadE	15489450;12940989
ARO:3003835	40526	cdeA	15383161
ARO:3003836	40527	qacH	9631545
ARO:3003837	40528	gadE-mdtEF	23874328
ARO:3003838	40529	gadW	16980449;12446650
ARO:3003840	40533	aminocoumarin-resistant cysB	1886615
ARO:3003841	40534	kdpE	23555240;12618449
ARO:3003842	40535	MUS-2	26257915
ARO:3003843	40537	leuO	21883529;19429622
ARO:3003844	40538	mfd	17239578;18535657
ARO:3003846	40543	ADC beta-lactamase without carbapenemase activity	15980372
ARO:3001780	38180	OXA-85	16870757
ARO:3000316	36455	mphA	29317655;17302923;8619599;20231391
ARO:3000881	37261	TEM-9	3326875;3312022
ARO:3001718	38118	OXA-262	24277043
ARO:3001725	38125	OXA-269	24277043
ARO:3001730	38130	OXA-274	30247543;24277043
ARO:3001418	37818	OXA-23	10602749
ARO:3001419	37819	OXA-24	18585868;10817708
ARO:3001623	38023	OXA-83	16630258
ARO:3001625	38025	OXA-89	16844350
ARO:3001626	38026	OXA-88	17284537
ARO:3001630	38030	OXA-95	17284537
ARO:3001810	38210	OXA-53	15231768
ARO:3001812	38212	OXA-54	14693565
ARO:3001815	38215	ACC-1	10428914
ARO:3001816	38216	ACC-2	10817695
ARO:3002184	38584	MOX-4	20339022
ARO:3002185	38585	MOX-6	21968366
ARO:3002192	38592	IMP-1	8141584
ARO:3002287	38687	VIM-17	19164147
ARO:3002288	38688	VIM-18	19114677
ARO:3002289	38689	VIM-19	19917750
ARO:3002293	38693	VIM-23	20961909
ARO:3002294	38694	VIM-24	21282438
ARO:3002224	38624	IMP-33	24041889
ARO:3002231	38631	IMP-40	23536409
ARO:3000264	36403	emrE	12499164;17976529;19167526;18006522;17942072;17360700;19171974
ARO:3002826	39260	EreA2	12654734
ARO:3000376	36515	streptogramin vgb lyase	11467949
ARO:3000377	36516	MexA	15117957
ARO:3000378	36517	MexB	19361527;21178960;20583998;14973037
ARO:3001113	37493	SHV-57	15673739
ARO:3002421	38821	OKP-A-4	16304190
ARO:3000502	36641	AcrF	16267305
ARO:3000362	36501	mosaic antibiotic resistance gene	17967912
ARO:3000898	37278	TEM-28	8787920
ARO:3000903	37283	TEM-33	8067742;9925535
ARO:3000908	37288	TEM-38	7726509
ARO:3000363	36502	EreB	10908116
ARO:3000963	37343	TEM-96	24499167
ARO:3000899	37279	TEM-29	8586268
ARO:3000904	37284	TEM-34	8067742
ARO:3000909	37289	TEM-39	7726509
ARO:3000940	37320	TEM-74	10543745
ARO:3000954	37334	TEM-87	11850290
ARO:3000961	37341	TEM-94	15855509
ARO:3000910	37290	TEM-40	8585729
ARO:3000941	37321	TEM-75	10624595
ARO:3000955	37335	TEM-88	11709362
ARO:3002980	39414	aspergillomarasmine A	35155911;24965651
ARO:3002546	38946	AAC(6')-Ib	16641475;2841303;2824444
ARO:3000990	37370	TEM-128	15650379
ARO:3000997	37377	TEM-133	15855544
ARO:3001001	37381	TEM-137	17561568
ARO:3001048	37428	TEM-188	22871227
ARO:3001023	37403	TEM-157	18653970
ARO:3002528	38928	AAC(3)-Ia	2549372;1960117
ARO:3001073	37453	SHV-14	11120985
ARO:3007060	45621	Helicobacter pylori pbp1 mutants conferring resistance to amoxicillin	37485536;32708761;32545318;35114945;17951983;18192681;31801839
ARO:3007061	45622	hp1165	16482431
ARO:3007062	45623	VAM-1	34424042
ARO:3007063	45624	cilastatin	6575970
ARO:3007064	45625	virginiamycin M1	8851577
ARO:3007069	45631	FosY	35332834
ARO:3007070	45632	MCR-1.33	35411158
ARO:3007071	45633	Avibactam	29671219
ARO:3007072	45634	ceftazidime-avibactam	23371303;29671219
ARO:3007073	45635	Bacillus subtilis rpoB mutants conferring resistance to rifampin	7657605;11101662;12169622
ARO:3007074	45636	capreomycin phosphotransferase	6163840
ARO:3007075	45637	cph	34994196;6163840
ARO:3007076	45639	emerione A	35017068
ARO:3007078	45641	luteolin	35012652;18991571
ARO:3007079	45642	pellitorine	32449250
ARO:3007080	45643	piperic acid	32449250
ARO:3007081	45644	tetrahydropiperine	32449250
ARO:3007082	45645	sesamin	32449250
ARO:3007083	45646	biapenem	12381221;8031067
ARO:3007084	45647	PRC beta-lactamase	34975778
ARO:3007085	45648	PRC-1	34975778
ARO:3007086	45650	epinecidin-1	17570764
ARO:3007087	45651	KPC-90	35019766
ARO:3007088	45652	murepavadin	33367642;20167788
ARO:3007090	45654	albendazole	35453279
ARO:3007091	45655	diflunisal	35453279
ARO:3007092	45656	gepotidacin	26729499
ARO:3007093	45657	klebsidin	35315272
ARO:3007094	45658	fisetin	35101651
ARO:3007095	45659	risedronate	35209073
ARO:3007096	45660	methotrexate	35209073
ARO:3007097	45661	FosM1	33199384
ARO:3007098	45663	FosM2	33199384
ARO:3007099	45665	FosM3	33199384
ARO:3007100	45667	class A Bacillus cereus Bc beta-lactamase	29551437
ARO:3007101	45668	BcIII	29551437
ARO:3007103	45671	nitroimidazole reductase	10970359;30316817
ARO:3007104	45672	nimA	10970359;8067736
ARO:3007105	45673	nimC	7773395;10970359
ARO:3007106	45674	nimD	7773395;10970359
ARO:3007107	45675	nimE	15273153;10970359
ARO:3007108	45676	nimF	15728943
ARO:3007109	45677	nimG	15190033
ARO:3007110	45679	nimH	28535278
ARO:3007111	45680	nimI	19805556
ARO:3007112	45682	nimJ	23716049
ARO:3007113	45683	nimK	29982676
ARO:3007114	45685	ornidazole	18220342;1863621
ARO:3007115	45691	modification to cell morphology	35616332
ARO:3007116	45692	reduction in surface-to-volume ratio of cell	35616332
ARO:3007117	45693	subclass B1 Bacteroides xylanisolvens crx beta-lactamase	35296904
ARO:3007118	45694	crxA	35296904
ARO:3007119	45696	tet(O/32/O)	11600392
ARO:3007120	45697	tet(O/M/O)	15470128
ARO:3007121	45698	tet(O/W)	15184185
ARO:3007122	45699	tet(O/W/32/O)	17967912
ARO:3007123	45700	tet(O/W/O)	12839756
ARO:3007124	45701	tet(W/32/O)	11959557
ARO:3007127	45707	Streptomyces lividans otr(A)	1510403
ARO:3007137	45718	mcr-10.1	35695522
ARO:3007138	45720	S02030	34970229
ARO:3007139	45721	cordycepin	35191475
ARO:3007140	45722	unithiol	35163756
ARO:3007141	45723	BLI-489	35165715
ARO:3007142	45724	plantacirin A	35499329
ARO:3007143	45725	sulopenem	35294769
ARO:3007144	45726	PBT2	34450628
ARO:3007145	45727	imipenem-cilastatin-relebactam	33580649;29230684
ARO:3007146	45728	meropenem-vaborbactam	29692218;29230684
ARO:3007147	45729	taniborbactam	31871094
ARO:3003839	40531	Mrx	16339607
ARO:3003895	40597	Pseudomonas mutant PhoP conferring resistance to colistin	24412662
ARO:3003896	40598	Pseudomonas mutant PhoQ conferring resistance to colistin	24412662
ARO:3003897	40599	tedizolid	27904526;22324973
ARO:3003898	40600	lugdunin	27466123
ARO:3003899	40601	Escherichia coli PtsI with mutation conferring resistance to fosfomycin	20071153
ARO:3003900	40602	Escherichia coli cyaA with mutation conferring resistance to fosfomycin	14519998;20071153
ARO:3003901	40603	Staphylococcus aureus GlpT with mutation conferring resistance to fosfomycin	26793179
ARO:3003902	40604	Staphylococcus aureus UhpT with mutation conferring resistance to fosfomycin	26793179
ARO:3003903	40605	thusin	27486447
ARO:3003904	40606	formicin	27450592
ARO:3003905	40608	ANT(4')-Ib	20585117;12654668
ARO:3003907	40612	cipA	23752511
ARO:3003908	40614	Erm(47)	27494920
ARO:3003909	40617	ahpF	19332674
ARO:3003910	40618	sahH	18824604
ARO:3003911	40619	sucC	18824604
ARO:3003912	40620	tatC	18824604
ARO:3003913	40621	ccmF	18824604
ARO:3003914	40622	cycB	18824604
ARO:3003915	40623	lysocin E	25485686
ARO:3003916	40624	menaquinone	25485686
ARO:3003917	40625	Staphylococcus aureus menA with mutation conferring resistance to lysocin	25485686
ARO:3003918	40626	apmA	37973888;33563840;20876371
ARO:3003919	40627	lysocin	25485686
ARO:3003920	40628	pgpB	20657724
ARO:3003921	40630	oqxAB	19528276
ARO:3003922	40631	oqxA	19528276
ARO:3003923	40632	oqxB	19528276
ARO:3003924	40633	Haemophilus parainfluenzae gyrA conferring resistance to fluoroquinolones	27497656
ARO:3003925	40634	Haemophilus parainfluenzae parC conferring resistance to fluoroquinolones	27497656
ARO:3003926	40635	Salmonella enterica gyrA conferring resistance to fluoroquinolones	27630841;27559761
ARO:3003927	40636	ceftolozane	27522066
ARO:3003928	40637	Neisseria gonorrhoeae gyrA with mutations conferring resistance to fluoroquinolones	38786196;30961546;27506605
ARO:3003929	40639	Neisseria gonorrhoeae parC conferring resistance to fluoroquinolones	38786196;30961546;27506605
ARO:3003930	40640	rpsJ	27506605
ARO:3003931	40641	Capnocytophaga gingivalis gyrA conferring resistance to fluoroquinolones	27531625
ARO:3003933	40644	berberine	27547203
ARO:3003936	40647	omadacycline	27669321
ARO:3003937	40660	Neisseria meningititis PBP2 conferring resistance to beta-lactam	25987627;25199775;16940068;26787702;27690121;18986991
ARO:3003956	40727	antibacterial free fatty acids	19956944
ARO:3003957	40728	palmitic acid	10447892;11744302;19956944
ARO:3003958	40729	oleic acid	393631;18754790;10925024;10447892;19956944
ARO:3003959	40730	linoleic acid	93615;10925024;10447892;19956944
ARO:3003960	40731	farAB	10447892
ARO:3003961	40732	farA	10447892
ARO:3003962	40733	farB	10447892
ARO:3003963	40734	flo	10639375;11101601;15914491
ARO:3003964	40735	hp1181	27303615
ARO:3003965	40736	hp1184	15793129;27303615
ARO:3003966	40737	Klebsiella pneumoniae OmpK35	27645385
ARO:3003967	40738	lfrA	8682782
ARO:3003968	40739	Klebsiella pneumoniae OmpK36	27645385
ARO:3003969	40740	lmrP	11577166;7592810;10532389
ARO:3003970	40743	D-Ala-D-Ala ligase	11274474;16323116
ARO:3003971	40752	Erm(44)v	27799208
ARO:3003972	40771	solithromycin	27909995
ARO:3003973	40772	aggregation substance	1729187
ARO:3003974	40779	Cutibacterium acnes gyrA conferring resistance to fluoroquinolones	27793740
ARO:3003975	40804	pactamycin	9398510
ARO:3003976	40805	16S rRNA with mutation conferring resistance to pactamycin	9398510
ARO:3003977	40806	Halobacterium salinarum 16S rRNA mutation conferring resistance to pactamycin	9398510
ARO:3004176	41327	Mycoplasma hominis 23S rRNA with mutation conferring resistance to macrolide antibiotics	12234836
ARO:3004177	41328	Mycoplasmopsis fermentans 23S rRNA with mutation conferring resistance to macrolide antibiotics	12234836
ARO:3004178	41330	23S rRNA with mutation conferring resistance to pleuromutilin antibiotics	19154331;20487023
ARO:3004179	41331	Mycoplasma pneumoniae 23S rRNA mutation conferring resistance to erythromycin	8593017
ARO:3004180	41333	Halobacterium halobium 23S rRNA mutation conferring resistance to chloramphenicol	2045374
ARO:3004181	41334	Streptococcus pneumoniae 23S rRNA mutation conferring resistance to macrolides and streptogramins antibiotics	11120988
ARO:3004182	41335	23S rRNA with mutation conferring resistance to streptogramins antibiotics	11120988
ARO:3004184	41337	Mycobacterium tuberculosis ribD with mutation conferring resistance to para-aminosalicylic acid	25421465
ARO:3004185	41338	mecD	28272476
ARO:3004186	41348	DedA efflux pump	23086209;24277026
ARO:3004189	41353	Bla2	27557855;12760895;12533457
ARO:3004190	41354	BlaA beta-lactamase	237976;11897607;1756974;16553870
ARO:3004191	41355	APH(2'')-If	23129050
ARO:3004192	41356	CepA beta-lactamase	8285623;7517394
ARO:3004193	41357	Sed beta-lactamase	7517394
ARO:3004194	41358	MCR-1.2	27401575
ARO:3004195	41359	NmcA beta-lactamase	8052644
ARO:3004196	41360	VCC beta-lactamase	26824956
ARO:3004197	41361	BlaZ beta-lactamase	26305782;6793593
ARO:3004198	41362	R39 beta-lactamase	2515104
ARO:3004199	41363	CepS beta-lactamase	8537283
ARO:3004200	41364	CfiA beta-lactamase	1510410
ARO:3004202	41366	JOHN beta-lactamase	12562690
ARO:3004203	41367	CGB beta-lactamase	12183230
ARO:3004204	41368	EBR beta-lactamase	12234848
ARO:3004205	41369	TUS beta-lactamase	24031236;12384365
ARO:3004206	41370	SIM beta-lactamase	20498315;16251286
ARO:3004208	41372	DIM beta-lactamase	20308383
ARO:3004209	41373	HMB beta-lactamase	28065891
ARO:3004210	41374	SFH beta-lactamase	12821491
ARO:3004211	41375	FEZ beta-lactamase	18563261
ARO:3004212	41376	GOB beta-lactamase	17403673;27458232;10858348
ARO:3004213	41377	GOB-18	17403673;27458232
ARO:3004214	41378	THIN-B beta-lactamase	15561856;11181369
ARO:3004215	41379	L1 family beta-lactamase	9811546
ARO:3004216	41380	AIM beta-lactamase	22664968
ARO:3004217	41381	SMB beta-lactamase	22442240
ARO:3004218	41382	CAU beta-lactamase	12019096
ARO:3004219	41383	BJP beta-lactamase	16723554
ARO:3004222	41386	ESP beta-lactamase	26482314
ARO:3004223	41387	MSI beta-lactamase	26482314
ARO:3004224	41388	SPG beta-lactamase	26482314
ARO:3004225	41389	Rm3 family beta-lactamase	27431213
ARO:3004226	41390	subclass B3 LRA beta-lactamase	18843302
ARO:3004227	41391	subclass B1 PEDO beta-lactamase	26482314
ARO:3004228	41392	class A LRA beta-lactamase	18843302
ARO:3004229	41393	class A Bacillus anthracis Bla beta-lactamase	12760895
ARO:3004230	41394	subclass B1 Bacillus anthracis Bla beta-lactamase	12760895
ARO:3004231	41395	class C LRA beta-lactamase	18843302
ARO:3004232	41396	ampC-type beta-lactamase	21304033
ARO:3004233	41397	blaF family beta-lactamase	8065266
ARO:3004234	41398	EXO beta-lactamase	2658780
ARO:3004235	41399	RCP beta-lactamase	2783689;2788410
ARO:3004236	41400	gimA family macrolide glycosyltransferase	9756764
ARO:3004237	41401	mgt macrolide glycotransferase	1605601;1612452
ARO:3004238	41402	sulfonamide resistant sul	15673783
ARO:3004239	41403	NPS-1	3089139;11557499
ARO:3004241	41405	class D LRA beta-lactamase	18843302
ARO:3004242	41406	MSI-OXA family beta-lactamase	26482314
ARO:3004243	41407	RbpA bacterial RNA polymerase-binding protein	22570422;16629670
ARO:3004244	41408	DnaA chromosomal replication initiation protein	21527473;19170875
ARO:3004245	41409	fosC phosphotransferase family	20404116;7492106
ARO:3004248	41412	antibiotic-resistant UhpT	28579984
ARO:3004249	41413	UhpA response regulator of fosfomycin resistance	19671590;20071153
ARO:3004250	41414	antibiotic-resistant ptsI phosphotransferase	20071153
ARO:3004251	41415	antibiotic-resistant cya adenylate cyclase	14519998
ARO:3004252	41416	cfr methyltrasnferase	23752511
ARO:3004253	41417	vanU gene in vanG cluster	14617152;16723588;11036060
ARO:3004254	41418	vanV gene in vanB cluster	21482081
ARO:3003847	40544	ADC-1	10639377
ARO:3003848	40545	ADC-2	12709319
ARO:3003849	40547	ADC-3	12709319
ARO:3003850	40548	ADC-4	12709319
ARO:3003851	40549	ADC-5	15047547
ARO:3003852	40551	ADC-6	14742218
ARO:3003853	40552	ADC-7	15980372
ARO:3003854	40553	ADC-8	17403709
ARO:3003856	40555	ADC-12	19029333
ARO:3003857	40556	ADC-13	19029333
ARO:3003858	40557	ADC-14	18065824;19029333
ARO:3003859	40558	ADC-15	19029333
ARO:3003860	40559	ADC-16	19029333
ARO:3003861	40560	ADC-17	19029333
ARO:3003862	40561	ADC-18	19029333
ARO:3003863	40562	ADC-19	19029333
ARO:3003864	40563	ADC-20	19029333
ARO:3003865	40564	ADC-21	19029333
ARO:3003866	40565	ADC-22	19029333
ARO:3003867	40566	ADC-23	19029333
ARO:3003868	40567	ADC-25	18077141
ARO:3003870	40569	ADC-31	22038960
ARO:3003871	40570	ADC-39	18765689
ARO:3003872	40571	ADC-41	20368407
ARO:3003873	40572	ADC-42	20368407
ARO:3003874	40573	ADC-43	20368407
ARO:3003875	40574	Enterococcus faecium EF-Tu mutants conferring resistance to elfamycin	7989561
ARO:3003876	40575	ADC-44	20368407
ARO:3003878	40577	ADC-56	21788456
ARO:3003879	40578	ADC-61	26125919
ARO:3003880	40579	ADC-74	26824943
ARO:3003881	40580	ADC-75	26824943
ARO:3003882	40581	ADC-76	26824943
ARO:3003883	40582	ADC-77	26824943
ARO:3003884	40583	ADC-78	26824943
ARO:3003885	40584	ADC-79	26824943
ARO:3003886	40585	ADC-80	26824943
ARO:3003887	40586	ADC-81	26824943
ARO:3003888	40587	ADC-82	21398552;22952140
ARO:3003889	40588	Escherichia coli GlpT with mutation conferring resistance to fosfomycin	20071153;12936984
ARO:3003890	40592	Escherichia coli UhpT with mutation conferring resistance to fosfomycin	20071153
ARO:3003893	40595	Escherichia coli uhpA with mutation conferring resistance to fosfomycin	20071153
ARO:3003894	40596	Rm3	27431213
ARO:3004010	40937	cinoxacin	7017171
ARO:3004011	40938	clinafloxacin	3142350
ARO:3004012	40939	clofazimine	7829710
ARO:3004013	40940	fleroxacin	2112571
ARO:3004014	40941	flomoxef	37610203;4008339
ARO:3004015	40942	gentamicin A	11083623;10103173
ARO:3004016	40943	loracarbef	8453172;3501757
ARO:3004017	40944	moxalactam	6218558;315938
ARO:3004018	40946	nafcillin	14274914;14274910
ARO:3004019	40948	para-aminosalicylic acid	21008766
ARO:3004022	40952	quinupristin-dalfopristin	2559846
ARO:3004024	40957	trimethoprim-sulfamethoxazole	4254965;4908562
ARO:3004025	40958	prothionamide	6459296
ARO:3004026	40960	tinidazole	3733593
ARO:3004030	41023	RosAB	12010497;10931306
ARO:3004031	41063	tetAB(46)	22941900
ARO:3004032	41064	tetA(46)	22941900
ARO:3004033	41066	tetB(46)	22941900
ARO:3004034	41067	tetAB(60)	27999567
ARO:3004035	41068	tetA(60)	27999567
ARO:3004036	41069	tetB(60)	27999567
ARO:3004037	41070	tlr(C)	1864505
ARO:3004038	41082	Pseudomonas aeruginosa emrE	12499164
ARO:3004039	41083	Escherichia coli emrE	1936950
ARO:3004041	41088	Klebsiella pneumoniae acrA	19858254;24327941
ARO:3004042	41089	Enterobacter cloacae acrA	17536927;12121946
ARO:3004043	41090	Escherichia coli acrA	12363006;11321576;24747401
ARO:3004045	41097	Escherichia coli fabI mutations conferring resistance to isoniazid and triclosan	27577999
ARO:3004046	41098	kdpDE	23555240
ARO:3004047	41099	kdpD	23555240
ARO:3004048	41113	MexAB-OprM with prematurely terminated MexR conferring resistance to meropenem and ciprofloxacin	26866484
ARO:3004049	41114	Escherichia coli fabG mutations conferring resistance to triclosan	27577999
ARO:3004050	41115	antibiotic sensitive fabG	27577999
ARO:3004051	41116	MexAB-OprM with NalC mutations conferring resistance to aztreonam	27412168;15387820
ARO:3004052	41117	MexAB-OprM with NalD mutations conferring resistance to multiple antibiotics	15855496
ARO:3004053	41118	MexAB-OprM with CpxR regulator conferring resistance to ciprofloxacin, ceftazidime, and aztreonam	27736975
ARO:3004054	41119	Pseudomonas aeruginosa CpxR	27736975
ARO:3004055	41120	Escherichia coli CpxR	25294881
ARO:3004056	41121	ArmR	17545281;18812515
ARO:3004057	41123	23S rRNA with mutation conferring resistance to linezolid antibiotics	27727405
ARO:3004058	41124	Staphylococcus aureus 23S rRNA with mutation conferring resistance to linezolid	27727405
ARO:3004059	41125	Type A NfxB	8849250;1330820;8878035
ARO:3004060	41127	Type B NfxB	8849250;8878035;9449262
ARO:3004061	41128	MexCD-OprJ with type A NfxB mutation	8849250
ARO:3004062	41129	MexCD-OprJ with type B NfxB mutation	8849250
ARO:3004063	41130	EdeQ	23891151
ARO:3004064	41131	Edeine acetyltransferase	23891151
ARO:3004065	41134	MexCD-OprJ with NfxB mutation conferring resistance to ciprofloxacin	12727072
ARO:3004066	41142	MexEF-OprN with MexT mutation conferring resistance to chloramphenicol, ciprofloxacin, and trimethoprim	26833155
ARO:3004068	41145	MexEF-OprN with MexS mutations conferring resistance to chloramphenicol, ciprofloxacin, and trimethoprim	26833155
ARO:3004069	41146	MvaT	16448502
ARO:3004070	41147	MexEF-OprN with MvaT deletion conferring resistance to chloramphenicol and norfloxacin	21911574;16448502
ARO:3004072	41154	OpmB	12445646
ARO:3004073	41155	MuxA	19713238
ARO:3004074	41156	MuxB	19713238
ARO:3004075	41158	MuxC	19713238
ARO:3004076	41159	MuxABC-OpmB	19713238
ARO:3004077	41170	PmpM	14679249
ARO:3004078	41180	Escherichia coli AcrAB-TolC with AcrR mutation conferring resistance to ciprofloxacin, tetracycline, and ceftazidim	16189130
ARO:3004079	41181	Escherichia coli AcrAB-TolC with MarR mutations conferring resistance to ciprofloxacin and tetracyclin	11302826
ARO:3004080	41182	MexAB-OprM with MexR mutations confers resistance to multiple antibiotics	9449262;17586626
ARO:3004081	41183	AcrAD-TolC confers resistance to amikacin, gentamicin, and tobramycin	10692383;14706082
ARO:3004082	41184	AcrAD-TolC	10692383;14706082
ARO:3004083	41185	AcrEF-TolC confers resistance to ciprofloxacin	10952561;16267305
ARO:3004085	41189	lnuG	28039271
ARO:3004347	41515	PDC-84	26248364
ARO:3004348	41516	PDC-85	26248364
ARO:3004349	41517	PDC-86	26248364
ARO:3004350	41518	PDC-87	26248364
ARO:3004351	41519	PDC-88	26248364
ARO:3004352	41520	PDC-89	26248364
ARO:3004353	41521	PDC-90	26248364
ARO:3004354	41522	PDC-91	26248364
ARO:3004355	41523	PDC-92	26248364
ARO:3004356	41524	PDC-93	26248364
ARO:3004357	41525	catV	29259290
ARO:3004358	41530	ACI beta-lactamase	11036038
ARO:3004359	41531	ACI-1	30014616;11036038
ARO:3004361	41534	sul4	29246178
ARO:3004363	41537	lipid A acyltransferase	29101229
ARO:3004364	41538	almG	29101229
ARO:3004365	41539	British Society for Antimicrobial Chemotherapy (BSAC)	2226478
ARO:3004366	41540	Clinical and Laboratory Standards Institute (CLSI)	11977864
ARO:3004367	41541	Deutsches Institut für Normung (DIN)	2226478
ARO:3004369	41543	Société Française de Microbiologie (SFM)	2226478
ARO:3004370	41544	minimum inhibitory concentration (MIC)	19626213
ARO:3004371	41545	MIC value	19626213
ARO:3004372	41546	MIC unit	19626213
ARO:3004373	41547	breakpoint concentration	17630331
ARO:3004374	41548	malacidin A	29434326
ARO:3004375	41549	malacidin biosynthesis	29434326
ARO:3004376	41550	bicyclomycin biosynthesis	29053243
ARO:3004378	41552	QepA3	26947590
ARO:3004379	41553	QepA4	29062302
ARO:3004380	41554	vaborbactam	29232103
ARO:3004383	41557	group II intron [deprecate]	20463000
ARO:85555	41565	agar dilution method	29403965
ARO:3004391	41566	diffusion method	29403965
ARO:3004392	41567	thin-layer chromatography (TLC)-bioautography	29403965
ARO:3004393	41568	time-kill test	29403965
ARO:3004394	41569	ATP bioluminescence assay	29403965
ARO:3004395	41570	flow cytofluorometric method	29403965
ARO:3004397	41572	broth dilution method	29403965
ARO:85701	41585	macro broth dilution method	29403965
ARO:3004410	41586	micro broth dilution method	29403965
ARO:85595	41587	disk-diffusion method	29403965
ARO:85596	41588	antimicrobial gradient method (E-test)	29403965
ARO:3004411	41589	agar well diffusion method	29403965
ARO:3004412	41590	agar plug diffusion method	29403965
ARO:3004413	41591	cross streak method	29403965
ARO:3004414	41592	agar diffusion bioautography	29403965
ARO:3004415	41593	direct bioautography	29403965
ARO:3004416	41594	agar overlay bioautography	29403965
ARO:3004417	41595	inoculum	18274517
ARO:3004419	41597	chromogenic cephalosporinase test	34624
ARO:3004420	41598	chloramphenicol acetyltransferase assay (CAT)	20439409
ARO:3004421	41599	greater than standard inoculum	18274517
ARO:3004422	41600	less than standard inoculum	18274517
ARO:3004423	41601	= standard inoculum	18274517
ARO:3004426	41604	divalent cation supplemented medium	1551973
ARO:3004427	41605	NaCl supplemented medium	12691545
ARO:3004436	41627	polymerase chain reaction (PCR)	11585788
ARO:3004437	41628	DNA hybridization	11585788
ARO:3004441	41632	tet(59)	27565618
ARO:3004442	41634	tet(W/N/W)	27565618
ARO:3004443	41636	RSA beta-lactamase	29316517
ARO:3004444	41637	RSA1-1	29316517
ARO:3004445	41638	RSA-2	29316517
ARO:3004446	41639	Haemophilus influenzae PBP3 conferring resistance to beta-lactam antibiotics	29352811
ARO:3004447	41641	HERA beta-lactamase	12878539
ARO:3004448	41642	HERA-1	12878539
ARO:3004449	41644	TRU beta-lactamase	20124004
ARO:3004450	41645	TRU-1	20124004
ARO:3004451	41662	Agrobacterium fabrum chloramphenicol acetyltransferase	2013403
ARO:3004452	41663	Alkalihalobacillus clausii chloramphenicol acetyltransferase	19459958
ARO:3004255	41419	vanJ membrane protein	22232274
ARO:3004256	41420	Bleomycin resistant protein	18791008;22290943
ARO:3004257	41421	cpa acetyltransferase	27929110
ARO:3004258	41422	apm acetyltransferase	20876371
ARO:3004259	41423	AAC(1)	3326872
ARO:3004260	41424	Bah amidohydrolase	27929110
ARO:3004261	41425	viomycin phosphotransferase	2987648
ARO:3004262	41426	daptomycin resistant liaF	21899450
ARO:3004264	41428	daptomycin resistant liaS	21899450
ARO:3004265	41429	lysocin resistant menA	25485686
ARO:3004266	41430	antibiotic resistant katG	23744165
ARO:3004267	41431	antibiotic resistant pncA	9055989
ARO:3004268	41432	MCR phosphoethanolamine transferase	27401575;28655818;28487432;26603172
ARO:3004269	41433	pmr phosphoethanolamine transferase	15205413;9570402
ARO:3004270	41434	antibiotic resistant fabI	27577999
ARO:3004271	41435	16S rRNA methyltransferase (G1405)	21177880
ARO:3004272	41436	16S rRNA methyltransferase (A1408)	19589804;17875999
ARO:3004273	41437	Llm 23S ribosomal RNA methyltransferase	27929110
ARO:3004274	41438	23S ribosomal RNA methyltransferase	7590303;20144045;20618865
ARO:3004275	41439	ANT(3'')	20833577
ARO:3004276	41440	ANT(2'')	25564464
ARO:3004277	41441	General Bacterial Porin (GBP)	18997824
ARO:3004278	41442	Outer Membrane Porin (Opr)	18997824
ARO:3004285	41449	tunicamycin resistance protein	1624425
ARO:3004286	41450	phenotypic variant regulator	22195037
ARO:3003978	40814	Chlamydomonas reinhardtii 16S rRNA (rrnS) mutation conferring resistance to streptomycin	2583478
ARO:3003979	40840	eravacycline	23979750
ARO:3003980	40861	tetA(58)	27929110
ARO:3003981	40863	tetB(58)	27929110
ARO:3003982	40864	LlmA 23S ribosomal RNA methyltransferase	27929110
ARO:3003983	40865	CatU	27929110
ARO:3003984	40866	BahA	27929110
ARO:3003986	40868	TaeA	27929110
ARO:3003987	40869	VatI	27929110
ARO:3003988	40870	AAC(2')-IIb	27929110
ARO:3003989	40871	AAC(6')-34	27929110
ARO:3003990	40872	vgbC	27929110
ARO:3003991	40873	mphI	29317655;27929110
ARO:3003992	40874	rphB	27929110
ARO:3003993	40875	capreomycin	73540
ARO:3003994	40876	cpaA	27929110
ARO:3003995	40901	Clostridioides difficile gyrA conferring resistance to fluoroquinolones	19364867;12848728;22508299;18480338;20226332;12384345;19818865;11451695;27842877
ARO:3003999	40926	cefamandole	4790616
ARO:3004000	40927	cefetamet	2504597
ARO:3004001	40928	cefmetazole	2692950	;10.1007/BF03298293
ARO:3004002	40929	cefonicid	96734;6975269
ARO:3004003	40930	cefoperazone	6221381
ARO:3004004	40931	cefotetan	6953260;6945066
ARO:3004005	40932	cefprozil	12841400
ARO:3004006	40933	ceftiofur	3631686
ARO:3004007	40934	ceftizoxime	6326062
ARO:3004008	40935	cephapirin	4208896
ARO:3004009	40936	cefradine	4572639
ARO:3004086	41190	APH(3')-VIIIb	27965516
ARO:3004087	41192	APH(3')-IXa	27965516
ARO:3004088	41194	lefamulin	32493034;27958389
ARO:3004089	41195	ANT(3'')-IIa	28152054
ARO:3004090	41196	ANT(3'')-IIb	28152054
ARO:3004091	41197	ANT(3'')-IIc	28152054
ARO:3004092	41198	HMB-1	28065891
ARO:3004093	41201	NDM-17	28242668
ARO:3004094	41202	Erm(48)	28438941
ARO:3004096	41204	daptomycin resistant CdsA	28115347
ARO:3004097	41205	Streptococcus mitis CdsA with mutation conferring daptomycin resistance	28115347
ARO:3004098	41206	LpeAB	28137939
ARO:3004099	41207	LpeA	28137939
ARO:3004100	41209	LpeB	28137939
ARO:3004101	41212	MdtNOP	8021163;19429622
ARO:3004102	41213	kamB	19589804;24963996
ARO:3004103	41215	QepA2	18644958
ARO:3004104	41216	TMB beta-lactamase	22290947
ARO:3004105	41217	TMB-1	22290947
ARO:3004106	41218	TMB-2	23390208
ARO:3004107	41228	Pseudomonas aeruginosa soxR	16879411;27274079;15845502
ARO:3004108	41229	Enterobacter cloacae rob	23006750
ARO:3004109	41230	Escherichia coli rob	12791142;9324261
ARO:3004110	41231	MCR-2.1	30053115;27416987;28487432
ARO:3004111	41232	FosA6	27261267
ARO:3004112	41233	phosphoethanolamine transferase conferring colistin resistance	28487432;26603172
ARO:3004113	41234	FosA7	28533247
ARO:3004114	41238	porin OmpC	6760806;23034325;17426813
ARO:3004117	41241	Vibrio cholerae OmpU	24943244;15155667
ARO:3004118	41242	Vibrio cholerae OmpT	10632889;15155667
ARO:3004120	41244	CBP C1-aminomethylene vancomycin	28559345
ARO:3004121	41245	BPI	28336464;9665269
ARO:3004122	41247	Klebsiella pneumoniae OmpK37	10217760
ARO:3004123	41248	Burkholderia pseudomallei Omp38	14567756;24788109
ARO:3004124	41249	Moraxella catarrhalis M35	16159786;20801781
ARO:3004125	41251	23S rRNA with mutation conferring resistance to macrolide antibiotics	11120937
ARO:3004126	41252	Escherichia coli LamB	18620846;24412198;10734605
ARO:3004127	41253	Escherichia coli mipA	25940639
ARO:3004128	41254	Serratia marcescens Omp1	25856195;9353750
ARO:3004129	41256	cephaloridine	5175748;2907014
ARO:3004130	41257	balofloxacin	7492097;1329626
ARO:3004131	41258	Escherichia coli 23S rRNA with mutation conferring resistance to erythromycin and telithromycin	1569089;3886627;10027979;11120937;6330677
ARO:3004132	41259	Chlamydomonas reinhardtii 23S rRNA with mutation conferring resistance to erythromycin	11120937;2583478
ARO:3004133	41260	Brachyspira hyodysenteriae 23S rRNA with mutation conferring resistance to tylosin	11120937
ARO:3004134	41261	Helicobacter pylori 23S rRNA with mutation conferring resistance to clarithromycin	37485536;35002447;32708761;11120937
ARO:3004135	41262	Mycobacterium tuberculosis iniB with mutation conferring resistance to ethambutol	10639358
ARO:3004136	41263	Ethambutol resistant iniB	10639358
ARO:3004138	41265	Moraxella catarrhalis 23S rRNA with mutation conferring resistance to macrolide antibiotics	25923017
ARO:3004139	41267	MCR-3.1	28655818
ARO:3004141	41269	AxyXY-OprZ	28584156
ARO:3004142	41270	OprZ	28584156
ARO:3004143	41272	AxyX	28584156
ARO:3004144	41273	AxyY	28584156
ARO:3004145	41274	AxyZ	28584156
ARO:3004146	41275	cfrC	28663118
ARO:3004148	41281	23S rRNA with mutation conferring resistance to pleuromutilin antibiotics	20487023;11555289
ARO:3004149	41296	Escherichia coli 23S rRNA with mutation conferring resistance to clindamycin	1531223
ARO:3004150	41297	Escherichia coli 23S rRNA with mutation conferring resistance to chloramphenicol	3886627
ARO:3004153	41300	Mycobacterium tuberculosis thyA with mutation conferring resistance to para-aminosalicylic acid	35944069;25421465
ARO:3004154	41301	antibiotic sensitive thymidylate synthase	25421465
ARO:3004157	41304	Mycobacterium tuberculosis folC with mutation conferring resistance to para-aminosalicylic acid	25421465
ARO:3004158	41305	23S rRNA with mutation conferring resistance to pleuromutilin antibioti	20487023;11555289
ARO:3004159	41306	Mycoplasma gallisepticum 23S rRNA mutation conferring resistance to pleuromutilin antibiotics	19154331;20487023
ARO:3004160	41307	Escherichia coli 23S rRNA with mutation conferring resistance to clarithromycin	1531223
ARO:3004161	41308	Propionibacteria 23S rRNA with mutation conferring resistance to macrolide antibiotics	9145890
ARO:3004162	41310	Helicobacter pylori 23S rRNA with mutation conferring resistance to macrolides	9371366
ARO:3004163	41311	Mycobacteroides abscessus 23S rRNA with mutation conferring resistance to clarithromycin	27799212;8807061
ARO:3004164	41312	Mycobacterium avium 23S rRNA with mutation conferring resistance to clarithromycin	8592991
ARO:3004165	41313	Mycobacteroides chelonae 23S rRNA with mutation conferring resistance to clarithromycin	8807061;11120937
ARO:3004166	41315	Mycobacterium intracellulare 23S rRNA with mutation conferring resistance to clarithromycin	8192472
ARO:3004167	41316	Mycobacterium intracellulare 23S rRNA with mutation conferring resistance to azithromycin	8192472
ARO:3004168	41318	Mycobacterium kansasii 23S rRNA with mutation conferring resistance to clarithromycin	9635911
ARO:3004169	41319	Mycolicibacterium smegmatis 23S rRNA with mutation conferring resistance to clarithromycin	9402018
ARO:3004170	41320	Streptococcus pneumoniae 23S rRNA with mutation conferring resistance to macrolide antibiotics	10898684
ARO:3004171	41322	Streptomyces ambofaciens 23S rRNA with mutation conferring resistance to macrolide antibiotics	2834204
ARO:3004172	41323	23S rRNA with mutation conferring resistance to oxazolidinone antibiotics	10986233
ARO:3004173	41324	Escherichia coli 23S rRNA with mutation conferring resistance to oxazolidinone antibiotics	10986233
ARO:3004174	41325	Chlamydia trachomatis 23S rRNA with mutation conferring resistance to macrolide antibiotics	26622462;15047540;17908942
ARO:3004175	41326	Mycoplasma hominis 23S rRNA with mutation conferring resistance to macrolide antibiotics	12234836
ARO:3004488	41916	ehxA	27542930
ARO:3004489	41930	OXA-663	30126962
ARO:3004490	41931	delamanid	25210407
ARO:3004491	41932	diarylquinoline antibiotic	24130398
ARO:3004492	41933	bedaquiline	24130398
ARO:3004493	42027	ADC-68	25372683
ARO:3004494	42028	IMP-55	28336429
ARO:3004496	42038	KPC-24	27436389
ARO:3004497	42080	LPXTG duplicate	16237012
ARO:3004539	42409	mphH	29317655;22509370
ARO:3004288	41452	Subclass B1 Vibrio cholerae varG beta-lactamase	28898293
ARO:3004289	41453	Vibrio cholerae varG	28898293
ARO:3004290	41454	Escherichia coli ampC beta-lactamase	3055168;19136439
ARO:3004291	41455	Rhodobacter sphaeroides ampC beta-lactamase	2783689
ARO:3004292	41457	Laribacter hongkongensis ampC beta-lactamase	15855519
ARO:3004293	41459	BUT beta-lactamase	12127496
ARO:3004294	41460	BUT-1	12127496
ARO:3004295	41462	lassomycin	24684906
ARO:3004296	41463	bulgecin A	27703329
ARO:3004297	41464	varABCDEF	28898293
ARO:3004298	41465	varA	28898293
ARO:3004301	41468	resistant antimicrobial phenotype	19626213
ARO:3004302	41469	susceptible antimicrobial phenotype	19626213
ARO:3004305	41472	multidrug resistance antimicrobial phenotype	19626213
ARO:3004325	41492	MCR-4.1	28797329
ARO:3004332	41500	MCR-5.1	30053115;28962028
ARO:3004333	41501	triclosan resistant gyrA	29091182
ARO:3004334	41502	Salmonella enterica gyrA with mutation conferring resistance to triclosan	29091182
ARO:3004335	41503	Escherichia coli gyrA with mutation conferring resistance to triclosan	29091182
ARO:3004336	41504	PDC-73	26248364
ARO:3004337	41505	PDC-74	26248364
ARO:3004338	41506	PDC-75	26248364
ARO:3004339	41507	PDC-76	26248364
ARO:3004340	41508	PDC-77	26248364
ARO:3004341	41509	PDC-78	26248364
ARO:3004342	41510	PDC-79	26248364
ARO:3004343	41511	PDC-80	26248364
ARO:3004344	41512	PDC-81	26248364
ARO:3004345	41513	PDC-82	26248364
ARO:3004346	41514	PDC-83	26248364
ARO:3004640	42648	dfrA15b	15761062
ARO:3004641	42650	AAC(6')-I-43	21422220
ARO:3004642	42653	dfrA3b	14638506
ARO:3004643	42655	Erm(K)	1713206
ARO:3004644	42657	dfrA6 from Proteus mirabilis	1941991
ARO:3004645	42659	dfrI	17375195
ARO:3004649	42670	cfr(B)	26248384
ARO:3004650	42673	tet(U)	22491689;8700968
ARO:3004651	42676	lin	32615922
ARO:3004652	42681	Erm(O)-lrm	1761231
ARO:3004653	42683	tetR(G)	1479961
ARO:3004654	42686	Clostridioides difficile 23S rRNA with mutation conferring resistance to erythromycin and clindamycin	17509804
ARO:3004655	42693	nimB	10970359;8067736
ARO:3004656	42694	catII from Escherichia coli K-12	2268278
ARO:3004657	42696	catA4	3900035
ARO:3004658	42697	catA8	11735367;11257023;9349809
ARO:3004659	42698	Mef(En2)	10852890
ARO:3004660	42699	catB11	19416365
ARO:3004661	42703	Staphylococcus aureus FosB	11244082
ARO:3004662	42705	MCR-3.3	28848017
ARO:3004663	42706	FusF	25313205
ARO:3004665	42708	cmlA8	19107398
ARO:3004666	42709	pexA	20543056
ARO:3004667	42714	Staphylococcus aureus norA	2174864
ARO:3004668	42715	QnrAS	20947314
ARO:3004669	42716	emtA	11580839
ARO:3004670	42717	FosB1	27144405
ARO:3004671	42719	FosB4	27144405
ARO:3004672	42720	FosB5	27144405
ARO:3004673	42721	FosB6	27144405
ARO:3004674	42722	FosD	18539327
ARO:3004675	42723	aphA15	11257042
ARO:3004676	42724	grm	2013410
ARO:3004677	42726	rmtD2	21078935
ARO:3004860	42996	Burkholderia dolosa gyrA conferring resistance to fluoroquinolones	25153194;25931592
ARO:3004873	43059	Neisseria gonorrhoeae folP with mutation conferring resistance to sulfonamides	31358980
ARO:3004876	43062	Mycobacterium tuberculosis inhA mutations conferring resistance to ethionamide	;30337678;19581462;14623976;25568071		978-92-4-008241-0
ARO:3004918	43104	Mycobacterium tuberculosis eccB5 conferring resistance to fluoroquinolones	30337678;34161790
ARO:3004919	43105	Mycobacterium tuberculosis eccC5 conferring resistance to fluoroquinolones	30337678
ARO:3004921	43107	Mycobacterium tuberculosis ahpC mutations confer resistance to isoniazid	35944069;30337678;8830260
ARO:3004922	43108	Mycobacterium tuberculosis fabG1 mutations confer resistance to isoniazid	;35944069;30337678;16189082		978-92-4-008241-0
ARO:3004923	43109	Mycobacterium tuberculosis furA mutations confer resistance to isoniazid	30337678;24055765;25092698
ARO:3004924	43110	Mycobacterium tuberculosis inbR mutations conferring resistance to isoniazid	30337678;26353937
ARO:3004925	43111	Mycobacterium tuberculosis mshA mutations conferring resistance to isoniazid	30337678;30583053
ARO:3004927	43113	Mycobacterium tuberculosis mshC mutations conferring resistance to isoniazid	30337678;26104204
ARO:3004928	43114	Mycobacterium tuberculosis mymA mutations conferring resistance to isoniazid	30337678;30082293
ARO:3004929	43115	Mycobacterium tuberculosis mmaA3 mutations conferring resistance to isoniazid	30337678;21426023;33055230
ARO:3004930	43116	Mycobacterium tuberculosis nat mutations conferring resistance to isoniazid	30337678;26104204
ARO:3004931	43117	Mycobacterium tuberculosis nudC mutations conferring resistance to isoniazid	30337678;26104204
ARO:3004932	43118	Mycobacterium tuberculosis sigI mutations conferring resistance to isoniazid	30337678;26104204
ARO:3004933	43119	Mycobacterium tuberculosis fabG1 mutation conferring resistance to ethionamide	;35944069;30337678;16189082		978-92-4-008241-0
ARO:3004934	43120	Mycobacterium tuberculosis mshC mutations conferring resistance to ethionamide	30337678;26104204
ARO:3004935	43121	Mycobacterium tuberculosis nudC mutations conferring resistance to ethionamide	30337678;26104204
ARO:3004937	43123	Mycobacterium tuberculosis 23S rRNA mutation conferring resistance to capreomycin	30337678;16857584
ARO:3004453	41664	Proteus mirabilis chloramphenicol acetyltransferase	3900035
ARO:3004454	41665	Campylobacter coli chloramphenicol acetyltransferase	2227449
ARO:3004455	41666	Streptococcus suis chloramphenicol acetyltransferase	12726767
ARO:3004456	41667	Enterococcus faecium chloramphenicol acetyltransferase	12603745
ARO:3004457	41668	Staphylococcus intermedius chloramphenicol acetyltransferase	1713259
ARO:3004458	41669	Enterococcus faecalis chloramphenicol acetyltransferase	11735367
ARO:3004459	41670	Shigella flexneri chloramphenicol acetyltransferase	11553538
ARO:3004460	41671	Vibrio anguillarum chloramphenicol acetyltransferase	1406372
ARO:3004462	41677	delafloxacin	29605887
ARO:3004463	41678	EBR-2	29687150
ARO:3004464	41680	CFE-2	29944954
ARO:3004466	41682	ICR-Mc	29631403
ARO:3004467	41685	ciprofloxacin phosphotransferase	34001507;29581123
ARO:3004468	41686	CrpP	34001507;29581123
ARO:3004469	41687	ABC-F ATP-binding cassette ribosomal protection protein	27006457;29376318
ARO:3004470	41688	poxtA	29635422
ARO:3004473	41697	tebipenem	30014729
ARO:3004474	41699	cefiderocol	29960205
ARO:3004476	41736	vmlR	36951104;30126986
ARO:3004477	41737	eremomycin pyrrolidide	30237697
ARO:3004478	41738	OXA-665	30247543
ARO:3004479	41740	OXA-664	30247543
ARO:3004480	41743	Bifidobacterium adolescentis rpoB mutants conferring resistance to rifampicin	30093677
ARO:3004498	42133	dfrB4	28242670
ARO:3004499	42144	tosufloxacin	1906696
ARO:3004500	42205	MCR-3.11	29760138
ARO:3004501	42206	MCR-6.1	30053008
ARO:3004502	42208	MCR-2.2	29091193;29091227
ARO:3004503	42210	MCR-3.6	29394397
ARO:3004504	42212	MCR-3.10	29203482
ARO:3004505	42213	MCR-3.5	30053115;28971871
ARO:3004506	42214	MCR-1.10	29091227
ARO:3004507	42216	MCR-1.9	29922243
ARO:3004508	42217	MCR-3.9	29394397
ARO:3004509	42218	MCR-3.8	29394397
ARO:3004510	42219	MCR-3.7	29394397
ARO:3004511	42220	MCR-3.2	30351266
ARO:3004512	42221	MCR-3.1	29608599
ARO:3004513	42222	MCR-1.6	28264851
ARO:3004514	42223	MCR-1.3	28242671;29778190
ARO:3004515	42224	MCR-1.4	29118748
ARO:3004516	42225	MCR-8.1	29970891
ARO:3004517	42226	MCR-7.1	29912417
ARO:3004545	42444	ADC beta-lactamase with carbapenemase activity	25372683
ARO:3004546	42445	Campylobacter jejuni 23S rRNA with mutation conferring resistance to erythromycin	12604552
ARO:3004547	42450	dfrA6	19704128
ARO:3004548	42451	dfrA9	1659308
ARO:3004549	42452	dfrB5	16048978
ARO:3004550	42453	dfrA27	25870070
ARO:3004551	42454	dfrA28	21764945
ARO:3004552	42455	dfrA30	21595893
ARO:3004553	42457	dfr-lie	23951238
ARO:3004554	42459	dfrA29	27302904
ARO:3004555	42460	dfrA32	19921331
ARO:3004556	42461	dfrB7	21627486
ARO:3004557	42462	dfrB8	21627486
ARO:3004558	42464	CAM beta-lactamase	30789204
ARO:3004559	42465	CAM-1	30789204
ARO:3004560	42466	murG transferase	23887866
ARO:3004561	42467	Clostridioides difficile murG with mutation conferring resistance to vancomycin	23887866
ARO:3004562	42469	Clostridioides difficile gyrB conferring resistance to fluoroquinolones	22508299;18480338;20226332;12384345;27842877
ARO:3004563	42470	Clostridioides difficile rpoB with mutation conferring resistance to rifampicin	22908175;21998414;29383668;23887866;22361457;19140738;18559647
ARO:3004564	42471	unclassified resistance-modifying agents	29264917;27657810
ARO:3004565	42472	tetracyclic indoline	27657810
ARO:3004566	42473	rifalazil	12556219
ARO:3004567	42474	ramoplanin	25182650
ARO:3004568	42475	dfrA18	11600347
ARO:3004569	42477	ICR-Mo	29758020
ARO:3004570	42479	PNGM beta-lactamase	29842976
ARO:3004571	42480	PNGM-1	29842976
ARO:3004572	42486	Staphylococcus aureus LmrS	20855745
ARO:3004573	42487	Acinetobacter baumannii AbaF	27650185
ARO:3004574	42490	Acinetobacter baumannii AbaQ	29941648
ARO:3004576	42495	tet(61)	33866063
ARO:3004577	42497	Acinetobacter baumannii AmvA	20573661
ARO:3004578	42502	Acinetobacter baumannii AbuO	25512405
ARO:3004579	42504	tet(47)	26097034
ARO:3004580	42506	Klebsiella pneumoniae KpnE	23836167
ARO:3004581	42510	tet(48)	26097034
ARO:3004582	42512	tet(49)	26097034
ARO:3004583	42513	Klebsiella pneumoniae KpnF	23836167
ARO:3004584	42514	tet(50)	26097034
ARO:3004585	42515	Klebsiella pneumoniae KpnEF	23836167
ARO:3004586	42516	tet(51)	26097034
ARO:3004587	42517	tet(52)	26097034
ARO:3004588	42518	Klebsiella pneumoniae KpnG	24823362
ARO:3004589	42519	tet(53)	26097034
ARO:3004621	42600	AAC(3)-IIe	20185552
ARO:3004622	42603	QnrS10	23648253
ARO:3004623	42605	AAC(3)-IId	20185552
ARO:3004624	42606	QnrS11	22470007
ARO:3004625	42607	QnrS12	29415140
ARO:3004626	42608	Erm(49)	29500262;23882264
ARO:3004627	42611	QnrS15	29415140
ARO:3004628	42613	AAC(2')-IIa	22660700
ARO:3004629	42615	AAC(6')-Im	11557456
ARO:3004630	42617	Mycoplasma genitalium parC mutations confers resistance to Moxifloxacin	29883482;19567408;20580532;23658265;15728924
ARO:3004631	42620	Mycoplasma genitalium gyrA mutation confers resistance to fluoroquinolones	29883482;14506049;23658265;15728924
ARO:3004635	42624	AAC(6')-Il	7793874
ARO:3004636	42625	qnrE1	28193666
ARO:3004637	42627	qnrE2	34097486
ARO:3004638	42632	AAC(6')-I-48	23950962
ARO:3004639	42633	Corynebacterium striatum tetA	10732668
ARO:3004729	42833	LYS228	30038040
ARO:3004730	42834	tva(A)	29971045
ARO:3004731	42836	zabofloxacin	27869677;16873394
ARO:3004732	42838	finafloxacin	28438936;21596526
ARO:3004733	42839	nemonoxacin	25529577;22650326
ARO:3004734	42843	ARL-1	28497118
ARO:3004735	42845	ARL-2	28497118
ARO:3004736	42846	ARL-3	28497118
ARO:3004737	42847	ARL-4	28497118
ARO:3004738	42848	ARL-5	28497118
ARO:3004739	42849	ARL-6	28497118
ARO:3004740	42850	AST-1	11181374
ARO:3004741	42851	AST Beta-lactamase	11181374
ARO:3004742	42853	ARL Beta-lactamase	28497118
ARO:3004743	42854	tetA(58)	27929110
ARO:3004744	42855	AZECL Beta-lactamase	25022578
ARO:3004745	42856	MIR-23	25022578
ARO:3004746	42857	BAT Beta-lactamase	21464989
ARO:3004747	42858	BAT-1	22843588;21464989
ARO:3004748	42860	BCL Beta-lactamase	12654668;17846134
ARO:3004749	42861	BCL-1	12654668;17846134
ARO:3004750	42862	BES Beta-lactamase	11036023
ARO:3004751	42863	BES-1	11036023
ARO:3004752	42864	BIC Beta-lactamase	19901091
ARO:3004753	42865	BIC-1	19901091
ARO:3004754	42866	BIL Beta-lactamase	8067761
ARO:3004755	42867	BIL-1	8067761
ARO:3004756	42868	BKC Beta-lactamase	26055384
ARO:3004757	42869	BKC-1	26055384
ARO:3004758	42870	BPU Beta-lactamase	17895969;23799069;23812891
ARO:3004759	42871	BPU-1	29884123;27351589;17895969;23799069;23812891
ARO:3004760	42873	BRO Beta-lactamase	8849261
ARO:3004761	42874	BRO-1	8849261
ARO:3004762	42875	BRO-2	8849261
ARO:3004765	42879	CGA beta-lactamase	11897576
ARO:3004766	42880	CGA-1	11897576
ARO:3004767	42881	CIA beta-lactamase	22083470
ARO:3004768	42882	CIA-1	22083470
ARO:3004769	42884	CIA-2	22083470
ARO:3004770	42885	CIA-3	22083470
ARO:3004771	42886	CIA-4	22083470
ARO:3004772	42887	CKO beta-lactamase	16445758
ARO:3004773	42888	CKO-1	16445758
ARO:3004774	42889	CME beta-lactamase	10471563
ARO:3004775	42890	CME-1	10471563
ARO:3004994	43181	Mycobacterium tuberculosis rpoC mutations confer resistance to rifampicin	;30337678;23208709		978-92-4-008241-0
ARO:3004999	43186	Mycobacterium tuberculosis rpoA mutations confer resistance to rifampicin	30337678;23208709
ARO:3005004	43192	Neisseria gonorrhoeae mtrC with mutation conferring resistance to azithromycin	21933917
ARO:3005005	43193	antibiotic-resistant emb arabinosyltransferase	18174142
ARO:3005006	43194	tet(57)	11381101
ARO:3005007	43195	QnrVC2	18598639
ARO:3005008	43196	TxR	11897587
ARO:3005009	43197	qacE	10339831
ARO:3005010	43198	qacEdelta1	10339831
ARO:3005011	43199	IDC beta-lactamase	32183280
ARO:3005012	43200	IDC-1	32183280
ARO:3005013	43202	IDC-2	32183280
ARO:3005014	43203	VMB beta-lactamase	32293144
ARO:3005015	43204	VMB-1	32293144
ARO:3005016	43207	CMY-150	31785341
ARO:3005017	43208	LMB beta-lactamase	31785341
ARO:3005018	43209	LMB-1	31785341
ARO:3004941	43127	Mycobacterium tuberculosis ddlA mutations confer resistance to cycloserine	30337678;28231674
ARO:3004945	43131	Mycobacterium tuberculosis ald mutations confer resistance to cycloserine	30337678;27064254
ARO:3004947	43133	Mycobacterium tuberculosis alr with mutation conferring resistance to cycloserine	30337678;28971867
ARO:3004950	43136	Mycobacterium tuberculosis ubiA mutations confer resistance to ethambutol	30337678;30711156
ARO:3004951	43137	Mycobacterium tuberculosis aftA mutations confer resistance to ethambutol	30337678;29084750;23995136
ARO:3004952	43138	thioacetazone	18094751
ARO:3004955	43141	Mycobacterium tuberculosis Rv0565c mutation conferring resistance to ethionamide	30337678;31015328
ARO:3004956	43142	Neisseria gonorrhoeae rpld	26935729;27638945
ARO:3004957	43143	Mycobacterium tuberculosis clpC1 with mutation conferring resistance to pyrazinamide	30337678;33722890;28271875
ARO:3004960	43146	Mycobacterium tuberculosis ponA1 mutations conferring resistance to rifabutin	30337678;24962424;23995135
ARO:3004963	43149	Mycobacterium tuberculosis eis with mutation conferring resistance to kanamycin	;35944069;30337678;19906990		978-92-4-008241-0
ARO:3004967	43153	Mycobacterium tuberculosis whib7 mutations confer resistance to kanamycin	30337678;23380727
ARO:3004968	43154	Mycobacterium tuberculosis whib7 mutation conferring resistance to streptomycin	30337678;23380727
ARO:3004971	43157	Mycobacterium tuberculosis Rv1258c mutations confer resistance to streptomycin	30337678;30837962
ARO:3004975	43162	Mycobacterium tuberculosis ppsC mutations confer resistance to pyrazinamide	30337678;29686155
ARO:3004976	43163	Mycobacterium tuberculosis ppsD mutations confer resistance to pyrazinamide	30337678;30333483
ARO:3004977	43164	Mycobacterium tuberculosis gpsI with mutations conferring resistance to pyrazinamide	30337678;29020922
ARO:3004978	43165	Mycobacterium tuberculosis mas mutations confer resistance to pyrazinamide	30337678;27759369
ARO:3004981	43168	Mycobacterium tuberculosis Rv0191 mutations confer resistance to pyrazinamide	30337678;28584158
ARO:3004984	43171	Mycobacterium tuberculosis Rv1667 mutations confer resistance to pyrazinamide	30337678;28584158
ARO:3004987	43174	Mycobacterium tuberculosis Rv2731 mutations confer resistance to pyrazinamide	30337678;29020922
ARO:3004993	43180	Mycobacterium tuberculosis Rv3169 mutations confer resistance to pyrazinamide	30337678;29020922
ARO:3005162	43514	FosA7.5	33077665
ARO:3004541	42412	mphK	29317655
ARO:3004542	42414	mphN	29317655;24362420
ARO:3004543	42415	mphO	29317655;22509370
ARO:3004544	42417	mphJ	29317655;29259290
ARO:3004590	42520	tet(54)	26097034
ARO:3004591	42521	tet(55)	26097034
ARO:3004592	42522	erm(32)	10348045
ARO:3004593	42523	erm(43)	22733067
ARO:3004594	42524	erm(44)	25092709
ARO:3004595	42525	erm(45)	25779586
ARO:3004596	42527	erm(46)	26377866
ARO:3004597	42528	Klebsiella pneumoniae KpnH	24823362
ARO:3004598	42529	Klebsiella pneumoniae KpnGH-TolC	24823362
ARO:3004599	42532	clcD	26149991
ARO:3004600	42533	LnuH	28843817
ARO:3004601	42534	LnuP	19684139
ARO:3004602	42540	Collb-P9-remove	7584042;1690704;2623084;3531169
ARO:3004603	42545	tet(56)	26097034
ARO:3004604	42555	pMGT-remove	12839813
ARO:3004605	42565	ermZ	18048924
ARO:3004606	42567	erm(40)	17005837
ARO:3004607	42571	Cfr Group	28663118
ARO:3004608	42572	EreD	26107936
ARO:3004609	42573	cfr(B) Group	28663118
ARO:3004610	42574	cfr(C) Group	28663118
ARO:3004611	42575	Escherichia coli ampC1 beta-lactamase	20802035
ARO:3004613	42577	tet(47)	26097034
ARO:3004616	42584	Mycoplasma genitalium 23S rRNA mutations confers resistance to fluoroquinolone and macrolide antibiotics	18990060;22532861;23658265
ARO:3004678	42727	rmtE	20368404
ARO:3004679	42728	rmtE2	26392485
ARO:3004680	42729	APH(3')-VIIIa	23240563
ARO:3004681	42730	Clostridioides difficile rpoC with mutation conferring resistance to vancomycin	23887866
ARO:3004682	42731	aadA27	26896789
ARO:3004683	42732	aadS	1328814
ARO:3004684	42734	MCR-9.1	31064835
ARO:3004685	42737	MCR-1.5	28678874
ARO:3004686	42738	MCR-1.7	29118748
ARO:3004687	42739	MCR-1.8	30053115
ARO:3004688	42740	MCR-1.11	30053115
ARO:3004689	42741	MCR-1.12	29052266;30053115
ARO:3004690	42742	MCR-1.13	30053115
ARO:3004691	42743	MCR-3.4	30053115
ARO:3004692	42744	aadA10	12121911
ARO:3004693	42745	MCR-3.12	29712655;30053115
ARO:3004694	42746	MCR-4.2	29635007;30053115
ARO:3004695	42747	MCR-4.3	29237785;30053115
ARO:3004696	42748	MCR-4.4	29635007;30053115
ARO:3004697	42749	MCR-4.5	29635007;30053115
ARO:3004698	42750	MCR-5.2	29444245;30053115
ARO:3004699	42751	sta	3106324
ARO:3004701	42754	ceftazidime-cloxacillin	33828370
ARO:3004704	42757	aadA8b	16291869
ARO:3004715	42770	vga(E) Staphylococcus cohnii	24324222
ARO:3004716	42771	vanillobiocin	15152806
ARO:3004717	42772	isovanillobiocin	15152806
ARO:3004718	42773	declovanillobiocin	15152806
ARO:3004719	42774	tet(X3)	31133751
ARO:3004720	42775	tet(X4)	31133751
ARO:3004721	42776	Mycobacterium tuberculosis rpsA mutations conferring resistance to pyrazinamide	30337678;30858213;30402208;31097767;29921403
ARO:3004722	42777	pyrazinamide resistant rpsA	21835980;29921403
ARO:3004723	42778	gradient plate method	12999676
ARO:3004726	42781	cefpirome	9211085
ARO:3004727	42782	cefsulodin	119787
ARO:3004728	42783	carumonam	4073864
ARO:3004778	42893	CMY-135	26126492
ARO:3004779	42894	DES beta-lactamase	12234847
ARO:3004780	42895	DES-1	12234847
ARO:3004781	42897	ERP beta-lactamase	12384342
ARO:3004782	42898	ERP-1	12384342
ARO:3004785	42903	FIM beta-lactamase	23114762
ARO:3004786	42904	FIM-1	23114762
ARO:3004794	42912	FPH beta-lactamase	25931589
ARO:3004795	42913	FPH-1	25931589
ARO:3004796	42915	FRI beta-lactamase	26392482
ARO:3004797	42916	FRI-1	26392482
ARO:3004798	42917	FRI-2	30060114
ARO:3004800	42919	FTU beta-lactamase	15640799
ARO:3004801	42920	FTU-1	20140244;15640799
ARO:3004802	42922	GOB-10	20571954
ARO:3004803	42923	GOB-11	20571954
ARO:3004804	42924	GOB-12	20571954
ARO:3004805	42925	GOB-13	20571954
ARO:3004807	42927	GOB-15	20571954
ARO:3004809	42929	GOB-2	10858348
ARO:3004810	42930	GOB-3	10858348
ARO:3004811	42931	GOB-4	10858348
ARO:3004812	42932	GOB-5	10858348
ARO:3004813	42933	GOB-6	10858348
ARO:3004814	42934	GOB-7	10858348
ARO:3004815	42935	GOB-8	20571954
ARO:3004816	42936	GOB-9	20571954
ARO:3004817	42937	HERA-2	12878539
ARO:3004818	42938	HERA-3	12878539
ARO:3004819	42949	HERA-4	12878539
ARO:3004820	42950	HERA-5	12878539
ARO:3004821	42951	HERA-6	12878539
ARO:3004822	42952	HERA-8	12878539
ARO:3004824	42954	LAP beta-lactamase	17116662;16982792
ARO:3004825	42955	LAP-1	17116662;16982792
ARO:3004826	42956	LAP-2	18550213
ARO:3004830	42960	NDM-TEST	31493527
ARO:3004832	42962	Neisseria gonorrhoeae PBP2 conferring resistance to beta-lactam antibiotics	34013864;25403720;20511367;25845238;23587946;22155830
ARO:3004833	42963	Neisseria gonorrhoeae PBP1 conferring resistance to beta-lactam antibiotics	11850260
ARO:3004834	42964	Neisseria gonorrhoea porB1b gene conferring resistance to beta-lactam	27178830;18227091
ARO:3004835	42965	Neisseria gonorrhoeae pilQ gene conferring resistance to beta-lactam	16101998
ARO:3004836	42966	Neisseria gonorrhoeae 23S rRNA with mutation conferring resistance to azithromycin	34013864;10508026;30917979;26601852;20585125;25394255
ARO:3004837	42971	OXA-724	11062187
ARO:3004850	42986	Neisseria gonorrhoea 50S rRNA L4 protein with mutation conferring resistance to azithromycin	27301565
ARO:3004851	42987	Neisseria gonorrhoeae mtrR with mutation conferring resistance	10508026;18761689
ARO:3004852	42988	SYN-1012	9186563
ARO:3004853	42989	Mycobacterium tuberculosis 16S rRNA mutation conferring resistance to capreomycin	;35944069;30337678;24953243		978-92-4-008241-0
ARO:3004854	42990	CMY-136	30788955
ARO:3004855	42991	SCO beta-lactamase	17420213;20956594;17353248
ARO:3004856	42992	SCO-1	17420213;20956594;17353248
ARO:3004857	42993	rpl4	26067955
ARO:3004858	42994	zoliflodacin	31730160
ARO:3004859	42995	Neisseria gonorrhoeae gyrB conferring resistance to zoliflodacin	31730160
ARO:3005091	43304	RanA	32273020
ARO:3005092	43305	RanARanB	32273020
ARO:3005093	43306	OXA-899	32169680
ARO:3005094	43307	OXA-898	32169680
ARO:3005095	43308	GPC beta-lactamase	31960033
ARO:3005096	43309	GPC-1	31960033
ARO:3005097	43312	mecC-type BlaZ	21636525
ARO:3005098	43313	qacL	16801431
ARO:3005099	43314	23S rRNA (adenine(2058)-N(6))-methyltransferase Erm(A)	9527769
ARO:3005100	43315	FosB2	12721629
ARO:3005101	43316	prothionamide resistant katG	30583053
ARO:3005102	43317	Mycobacterium tuberculosis katG mutations conferring resistance to prothionamide	30583053
ARO:3005103	43318	isoniazid resistant ethA	30583053
ARO:3005104	43319	prothionamide resistant ethA	30583053
ARO:3005105	43320	Mycobacterium tuberculosis ethA mutations conferring resistance to isoniazid	19486070;30583053
ARO:3005106	43321	Mycobacterium tuberculosis ethA mutations conferring resistance to prothionamide	30337678;30583053
ARO:3005108	43323	Mycobacterium tuberculosis mshA mutations conferring resistance to prothionamide	30583053
ARO:3005109	43324	blaS beta-lactamase	15699201
ARO:3005110	43325	blaS	9103972;15699201
ARO:3005111	43326	blaS1	9103972;15699201
ARO:3005112	43327	AAC(6')-Ib-cr3	22127350
ARO:3005114	43329	AAC(6')-Ib-cr4	23361643
ARO:3005115	43331	AAC(6')-Ib-cr5	34909689
ARO:3005116	43332	AAC(6')-Ib-cr6	33295867
ARO:3005117	43333	AAC(6')-Ib-cr7	25691640
ARO:3005120	43336	levonadifloxacin	31920285
ARO:3005121	43337	lsaD	32706619
ARO:3005122	43339	PDC-68	25022578
ARO:3005123	43340	PDC-70	25022578
ARO:3005124	43341	PDC-63	25022578
ARO:3005125	43342	PDC-57	25022578
ARO:3005126	43343	PDC-66	25022578
ARO:3005128	43345	PDC-47	25022578
ARO:3005129	43346	PDC-51	25022578
ARO:3005133	43350	PDC-62	25022578
ARO:3005134	43351	PDC-43	25022578
ARO:3005135	43352	PDC-54	25022578
ARO:3005137	43354	PDC-59	25022578
ARO:3005139	43356	PDC-67	25022578
ARO:3005140	43357	PDC-56	25022578
ARO:3005141	43358	PDC-52	25022578
ARO:3005163	43515	ionophore with antibiotic activity	22849267
ARO:3005164	43516	dfrA35	30989199
ARO:3005166	43518	tet(X1)	32567703
ARO:3005174	43526	thiacalixarene derivatives	33310546
ARO:3005175	43528	perchlozone	25704063;33022959
ARO:3005178	43531	Mycobacterium tuberculosis ethA mutations conferring resistance to perchlozone	33022959
ARO:3005179	43532	diazabicyclooctanes ANT3310	33306385
ARO:3005201	43557	bispicen	33285370
ARO:3005202	43558	trispicen	33285370
ARO:3005203	43559	bispicenA	33285370
ARO:3005206	43562	MSMEG_6171	32793136
ARO:3005221	43577	MCR-3.41	33317051
ARO:3005244	43600	ADC-181	33329450
ARO:3005245	43601	ADC-182	33329450
ARO:3005246	43602	ADC-183	33329450
ARO:3001083	37463	SHV-25	11502506
ARO:3001091	37471	SHV-33	11557480
ARO:3000575	36714	vanU	14617152;11036060
ARO:3002357	38757	NDM-7	23557929
ARO:3003436	40020	Mycobacterium tuberculosis 16S rRNA mutation conferring resistance to kanamycin	;35944069;30337678;9574680;9244267		978-92-4-008241-0
ARO:3003437	40021	Mycobacterium tuberculosis 16S rRNA mutation conferring resistance to viomycin	9244267
ARO:3003438	40022	Enterococcus faecium EF-Tu mutants conferring resistance to GE2270A	7989561
ARO:3003439	40023	antibiotic sensitive RNA polymerase switch region	21862392
ARO:3000324	36463	sulfadiazine	4597736
ARO:3002359	38759	NDM-9	24913967
ARO:3000383	36522	determinant of rifamycin resistance	21515239
ARO:3000533	36672	macA	20307498;19254725
ARO:3002362	38762	NDM-12	25092693
ARO:3001093	37473	SHV-35	15047521
ARO:3001098	37478	SHV-40	15047521
ARO:3001105	37485	SHV-48	19075050
ARO:3001106	37486	SHV-49	15504885
ARO:3001104	37484	SHV-46	14638498
ARO:3000103	36242	aminocoumarin antibiotic	8231802
ARO:3000318	36457	mphB	29317655;9503630;17302923;8900063;1330822
ARO:3003069	39549	vanXY gene in vanG cluster	16723588
ARO:3000706	37086	penicillin N	4209314
ARO:3002447	38847	OKP-B-14	17442542
ARO:3001369	37769	TEM-153	23579192
ARO:3001615	38015	OXA-66	15760431
ARO:3000891	37271	TEM-20	2184088;8586268;10103213
ARO:3000671	37015	tiamulin	19362093;11555289;15554968;20112168
ARO:3000620	36962	adeL	20696879
ARO:3000965	37345	TEM-102	12878521
ARO:3002387	38787	BEL-3	19933793
ARO:3001037	37417	TEM-171	21903826
ARO:3003557	40160	SFB-1	15772146
ARO:3002514	38914	OCH-1	11451692
ARO:3003453	40046	Mycobacterium tuberculosis embA mutant conferring resistance to ethambutol	35944069;30337678;10639358
ARO:3002512	38912	LRA-17	18843302
ARO:3002389	38789	OXY-1-1	23090395
ARO:3000237	36376	TolC	16359323;12163644;11589692;14630321;10879525
ARO:3000238	36377	glycopeptide resistance gene cluster VanB	8654967;16323116
ARO:3000239	36378	tetracycline resistance efflux pump	15837373;19862477
ARO:3001085	37465	SHV-27	11266422
ARO:3000845	37225	GIM-1	15561840
ARO:3000849	37229	SFH-1	12821491
ARO:3000850	37230	GOB-1	10858348
ARO:3000852	37232	LRA beta-lactamase	18843302
ARO:3002659	39059	APH(6)-Ic	15102449;3889831
ARO:3000124	36263	mecA-type mecI	24564530
ARO:0000018	35937	viomycin	211438
ARO:0000069	35986	doxycycline	19862477;11381101
ARO:3000657	37001	paromomycin	8182014;11083628
ARO:3002029	38429	CMY-18	16584308
ARO:3000757	37137	50S ribosomal subunit P-site	15755955;795651;15700955
ARO:3000758	37138	fosmidomycin	10477522
ARO:3000759	37139	fusidic acid	7730233;17980694
ARO:3000760	37140	cycloserine	4555420;14479178
ARO:3000578	36717	CcrA	1510410
ARO:3003207	39791	FosK	24841262
ARO:3003208	39792	FosXCC	25433007
ARO:3003209	39793	fosA5	25441705
ARO:3003210	39794	FosA4	24951800
ARO:3000614	36908	mef(E)	16189099
ARO:3000615	36909	mefA	16189099
ARO:3000480	36619	aminocoumarin resistant parY	14993313;16868863;12604514
ARO:3000481	36620	tet(35)	11897587
ARO:3000717	37097	antibiotic sensitive signal peptidase I	21189343;7023361;15173160
ARO:3000718	37098	marR	12027588;9333027
ARO:3000728	37108	30S ribosomal subunit	15755955
ARO:3002369	38769	PER-7	21383087
ARO:3001976	38376	CTX-M-116	23318795
ARO:3001977	38377	CTX-M-117	23127481
ARO:3001980	38380	CTX-M-121	23892737
ARO:3001982	38382	CTX-M-123	23752509
ARO:3001983	38383	CTX-M-124	22314536
ARO:3001640	38040	OXA-109	17391399
ARO:3001735	38135	OXA-280	24277043
ARO:3001753	38153	OXA-298	24277043
ARO:3002030	38430	CMY-19	16436707
ARO:3002031	38431	CMY-20	18207348
ARO:3002032	38432	CMY-21	16716570
ARO:3002034	38434	CMY-23	17110393
ARO:3002035	38435	CMY-24	17587551
ARO:3002049	38449	CMY-38	18458126
ARO:3002052	38452	CMY-41	19343954
ARO:3002053	38453	CMY-42	21388298
ARO:3002159	38559	FOX-5	11600376
ARO:3002160	38560	FOX-7	24088849
ARO:3002161	38561	FOX-8	22956023
ARO:3002166	38566	MIR-1	1963529
ARO:3002167	38567	MIR-4	18781358
ARO:3002193	38593	IMP-2	10770756
ARO:3002194	38594	IMP-3	10898670
ARO:3002195	38595	IMP-4	17284537
ARO:3002196	38596	IMP-5	12393197
ARO:3002197	38597	IMP-6	11302793
ARO:3002198	38598	IMP-7	11751148
ARO:3002199	38599	IMP-8	11451699
ARO:3005019	43210	IMP-68	31666316
ARO:3005020	43211	cfr(D) Group	31685464;32277823
ARO:3005021	43212	cfr(D)	31685464;32277823
ARO:3005022	43213	cfr(E) Group	31685464
ARO:3005023	43214	cfrE	31685464
ARO:3005024	43215	FosL1	31932373
ARO:3005026	43217	venturicidin A	32424122
ARO:3005027	43218	FRI-4	30060114
ARO:3005029	43221	FRI-6	31725164
ARO:3005034	43232	YRC beta-lactamase	16553832
ARO:3005035	43233	YRC-1	16553832
ARO:3005036	43234	BLMT	9923599
ARO:3005038	43236	PDC-65	25022578
ARO:3005039	43237	PDC-55	25022578
ARO:3005040	43238	YajC	31871033
ARO:3005041	43239	mlaF	31871033
ARO:3005042	43240	mlaD	31871033
ARO:3005043	43241	cmlA9	25315365
ARO:3005044	43242	OmpA	25341126
ARO:3005045	43243	SatA	12721629
ARO:3005046	43245	mecC-type mecI	21641281
ARO:3005047	43246	eptB	21629720
ARO:3005048	43248	Camphor Resistance Protein	23405357
ARO:3005049	43249	CrcB	35631066;23405357
ARO:3005050	43251	Intrinsic peptide antibiotic resistant Lps	23230287
ARO:3005051	43252	LpsB	23230287
ARO:3005052	43253	LpsA	23980106;16847057;32284036
ARO:3005053	43254	ArnT	25341126
ARO:3005054	43255	RSD Beta-lactamase	29316517
ARO:3005055	43256	RSD-3	29316517
ARO:3005056	43257	tet(X6)	32068864
ARO:3005057	43259	tet(X5)	31611352
ARO:3005058	43260	mlaFEDB	27529189;19383799;31871033
ARO:3005059	43261	LptD	31281307;22914622
ARO:3005060	43263	OXA-837	31578249
ARO:3005061	43265	AAC(3)-IVb	31578249
ARO:3005062	43266	ANT(3'')-Ib	31578249
ARO:3005063	43267	cprR	23006746
ARO:3005064	43268	cprS	23006746
ARO:3005065	43269	cprRS	23006746;18978025;15608211;10984043
ARO:3005066	43270	parRS	21149619;18978025;15608211;10984043
ARO:3005067	43271	ParS	21149619;18978025;15608211;10984043
ARO:3005068	43272	ParR	21149619;18978025;15608211;10984043
ARO:3005069	43273	rsmA	16622241;11673439
ARO:3005070	43274	complestatin	32051588
ARO:3005071	43275	corbomycin	32051588
ARO:3005076	43283	ROB-6	26229982
ARO:3005077	43284	ROB-7	26229982
ARO:3005078	43285	ROB-8	26229982
ARO:3005079	43286	ROB-2	30561662
ARO:3005081	43289	Thermus thermophilus uL3 mutations conferring resistance to pleuromutilin antibiotics	32526926
ARO:3005082	43291	Ribosomal protein mutation conferring resistance to pleuromutilin antibiotics	32526926
ARO:3005083	43292	Thermus thermophilus 23s rRNA conferring resistance to pleuromutilin antibiotics	32526926
ARO:3005084	43294	dfrA31	22782487;23162539
ARO:3005085	43296	AAC(3)-IIg	32571822
ARO:3005086	43297	Target protecting FusB-type protein conferring resistance to Fusidic acid	26781961;21968364;22308410
ARO:3005087	43298	msrF	32122903
ARO:3005088	43300	msrH	32122903
ARO:3005089	43301	mef(D)	32122903
ARO:3005090	43302	RanB	32273020
ARO:3005266	43622	TEM-235	19713526
ARO:3005317	43674	OXA-539	28674059
ARO:3005334	43693	Trimethoprim-resistant dihydrofolate reductase DfrA42	33593833
ARO:3005335	43694	OXA-496	30150791
ARO:3005343	43702	OXA-499	28264850
ARO:3005345	43704	Trimethoprim-resistant dihydrofolate reductase DfrA43	33593833
ARO:3005346	43705	DfrA34	30202900
ARO:3005347	43706	DfrA37	32318052
ARO:3005348	43708	DfrA36	31068437
ARO:3005349	43709	DfrA38	32929451
ARO:3005350	43710	DfrB9	33924456;33214838
ARO:3005351	43711	DfrA39	34180526
ARO:3001055	37435	TEM-195	24499167
ARO:3001066	37446	SHV-7	7785992
ARO:3001067	37447	SHV-8	9056008
ARO:3001078	37458	SHV-20	11120950
ARO:3001080	37460	SHV-22	11120950
ARO:3001082	37462	SHV-24	10817740
ARO:3001086	37466	SHV-28	19172061
ARO:3001089	37469	SHV-31	17178800
ARO:3001094	37474	SHV-36	17913717
ARO:3001087	37467	SHV-29	11257029
ARO:3001235	37634	aurodox	4781274
ARO:3000573	36712	tet(43)	11381101
ARO:3000663	37007	ofloxacin	1611900;18159374;3028966
ARO:3000247	36386	phosphoenolpyruvate (PEP) mutase	15078090
ARO:3000248	36387	DnaA	19170875
ARO:3002358	38758	NDM-8	23459485
ARO:3000325	36464	sulfadimidine	15673783
ARO:3002985	39419	arnA	11021929;15939024
ARO:3000577	36716	subclass B1 Bacillus cereus Bc beta-lactamase	7588620
ARO:3002649	39049	APH(3')-Va	6310563
ARO:3002363	38763	PER-1	8141562
ARO:3001101	37481	SHV-43	12543694
ARO:3002652	39052	APH(3')-VIa	2846986
ARO:3000389	36528	streptogramin B biosynthesis	900602;9303382;9006023
ARO:3000390	36529	rifampin ADP-ribosyltransferase (Arr)	9869590;18349144
ARO:3000449	36588	FomB	18701452
ARO:3000452	36591	fluoroquinolone resistant DNA topoisomerase	22279180;20802486;11504468
ARO:3000656	37000	AcrS	18567659
ARO:0000047	35965	puromycin	7608059
ARO:3003060	39494	tsnR	7590303
ARO:3000660	37004	lomefloxacin	8394795
ARO:3003285	39869	Staphylococcus aureus rpoB mutants conferring resistance to rifampicin	10543773
ARO:3002585	38985	AAC(6')-31	17470660
ARO:3000469	36608	hydroxypropylphosphonic acid epoxidase	16015285;16186494
ARO:3000793	37173	mdtB	12107133
ARO:3000796	37176	mdtF	11914367
ARO:3002398	38798	OXY-2-3	12807183
ARO:3002415	38815	OXY-6-3	16048960
ARO:3002654	39054	APH(3')-VIIa	2550983
ARO:3000050	36189	tetracycline antibiotic	11381101
ARO:3002657	39057	APH(6)-Ia	3118332
ARO:3000122	36261	chloramphenicol acetyltransferase (CAT)	2697637;1461942;12603745;19459958;2013403;11743194;12732947;1650008;1929326;3900035;1517170;12650243;1406372;3860383;3865770;12726767;11553538;2993795;3110008;1929282;11677608;11735367;9349809;1713259;2227449;15539072;6950931
ARO:3002658	39058	APH(6)-Ib	3039305
ARO:3000385	36524	chloramphenicol	17737966
ARO:3000386	36525	MexAB-OprM	18312276;9449262;17586626;16189126;18676884
ARO:3000387	36526	phenicol antibiotic	12860128
ARO:3000326	36465	ErmE	12019067;3117622;7961464;9735285;9973557
ARO:3000327	36466	sulfadoxine	21029476
ARO:3002354	38754	NDM-3	23330550
ARO:3001811	38211	OXA-129	18571903
ARO:3000624	36968	colistin B	19157746;20818945
ARO:3000132	36271	clorobiocin	12044152;6154685;8231802
ARO:3002612	39012	aadA12	19538087
ARO:3001300	37699	myrA	8163173;12417742
ARO:3003567	40177	magainin A	2285300
ARO:3000579	36718	Chryseobacterium meningosepticum BlaB	12019109
ARO:3000495	36634	ErmD	26650381
ARO:3001462	37862	OXA-157	26349828
ARO:3001802	38202	OXA-141	20482453
ARO:3001828	38228	ACT-23	24629772
ARO:3001969	38369	CTX-M-109	21859815
ARO:3001642	38042	OXA-111	17391399
ARO:3001737	38137	OXA-282	24277043
ARO:3001755	38155	OXA-300	24277043
ARO:3001804	38204	OXA-145	21665906
ARO:3001971	38371	CTX-M-111	21859815
ARO:3002347	38747	GES-18	23114760
ARO:3001738	38138	OXA-283	24277043
ARO:3001756	38156	OXA-301	24277043
ARO:3001805	38205	OXA-198	21788473
ARO:3001762	38162	OXA-307	24277043
ARO:3000613	36907	macrolide resistance efflux pump	16189099
ARO:3002269	38669	IND-14	3876328
ARO:3001740	38140	OXA-285	24277043
ARO:3001758	38158	OXA-303	24277043
ARO:3001807	38207	OXA-246	24398232
ARO:3002270	38670	IND-15	3876328
ARO:3001555	37955	OXA-368	27499434
ARO:3000269	36408	brodimoprim	8195838;10026296;7562018
ARO:3002200	38600	IMP-9	16377710
ARO:3002201	38601	IMP-10	12019129
ARO:3002202	38602	IMP-11	21707466
ARO:3002203	38603	IMP-12	12709317
ARO:3002204	38604	IMP-13	12951335
ARO:3002205	38605	IMP-14	21707466
ARO:3002206	38606	IMP-15	18362195
ARO:3001461	37861	OXA-156	26349828
ARO:3001968	38368	CTX-M-108	21859815
ARO:3002068	38468	CMY-57	22956023
ARO:3002226	38626	IMP-35	23341129
ARO:3002234	38634	IMP-43	23836174
ARO:3002235	38635	IMP-44	23836174
ARO:3002236	38636	IMP-45	24777897
ARO:3002240	38640	CARB-1	11959558
ARO:3002241	38641	CARB-2	1804019
ARO:3002242	38642	CARB-3	1650733
ARO:3002276	38676	VIM-6	15155248
ARO:3002277	38677	VIM-7	14693560
ARO:3002278	38678	VIM-8	15528701
ARO:3002279	38679	VIM-9	18819973
ARO:3002280	38680	VIM-10	18819973
ARO:3002281	38681	VIM-11	15616342
ARO:3002282	38682	VIM-12	16304191
ARO:3002283	38683	VIM-13	18644957
ARO:3002284	38684	VIM-14	21521413
ARO:3002285	38685	VIM-15	18519714
ARO:3002286	38686	VIM-16	18519714
ARO:3002299	38699	VIM-29	23954421
ARO:3002300	38700	VIM-30	23658259
ARO:3002301	38701	VIM-31	22391550
ARO:3002303	38703	VIM-33	23070171
ARO:3002304	38704	VIM-34	23934739
ARO:3002306	38706	VIM-36	24603963
ARO:3002308	38708	VIM-38	24428980
ARO:3003138	39715	CMY-130	26048440
ARO:3002312	38712	KPC-2	17261621;12615876
ARO:3007221	45966	trispicen A	33285370
ARO:3007227	45973	MCR-8.3	31849875
ARO:3007228	45974	MCR-8.4	30828324
ARO:3007229	45975	MCR-8.2	30864883
ARO:3007239	45985	MCR-1.22	34091039
ARO:3007248	45994	MCR-3.33	34187559
ARO:3007250	45996	MCR-3.37	34187559
ARO:3007257	46003	MCR-3.36	34187559
ARO:3007267	46013	MCR-3.35	34187559
ARO:3007268	46014	MCR-3.34	34187559
ARO:3007282	46028	MCR-5.3	30864883
ARO:23014	45972	gram stain	19885931
ARO:3007290	46036	fosfomycin thiol transferase inhibitor	15504029
ARO:3007291	46037	inhibitor of aminoglycoside inactivation enzyme	22760297;23758273
ARO:3007292	46038	MCR phosphoethanolamine transferase inhibitor	29339386
ARO:3007293	46039	durlobactam	34349751
ARO:3007294	46040	ANT-431	29530861
ARO:3007295	46041	nacubactam	31182530
ARO:3007296	46042	zidebactam	30670419
ARO:3007297	46043	ARX1796	34357517
ARO:3007298	46044	ledaborbactam	34001510
ARO:3007299	46045	ledaborbactam etzadroxil	34191513
ARO:3005142	43359	PDC-44	25022578
ARO:3005144	43361	PDC-61	25022578
ARO:3005145	43362	PDC-45	25022578
ARO:3005146	43363	PDC-49	25022578
ARO:3005147	43364	PDC-50	25022578
ARO:3005148	43365	PDC-48	25022578
ARO:3005151	43368	PDC-53	25022578
ARO:3005152	43369	PDC-72	25022578
ARO:3005153	43370	PDC-69	25022578
ARO:3005154	43371	APH(3')-XVa	19049645
ARO:3005157	43374	PDC-41	25022578
ARO:3005354	43714	dfr22	15715715
ARO:3005356	43716	KPC-23	30928562
ARO:3005361	43721	KPC-28	31127297
ARO:3005373	43733	KPC-41	31527032
ARO:3000931	37311	TEM-63	11120950
ARO:3001068	37448	SHV-9	9087500;8674992
ARO:3001079	37459	SHV-21	11120950
ARO:3001090	37470	SHV-32	11557480
ARO:3001096	37476	SHV-38	12543688
ARO:3000574	36713	vanR	1556077
ARO:3000081	36220	glycopeptide antibiotic	10232990;4369274;3276316;16007453
ARO:3003074	39621	Staphylococcus aureus cls conferring resistance to daptomycin	22238576
ARO:3003076	39623	daptomycin resistant liaFSR	21899450
ARO:3003077	39624	Enterococcus faecalis liaF mutant conferring daptomycin resistance	23959318;21899450
ARO:3003078	39625	Enterococcus faecium liaR mutant conferring daptomycin resistance	21899450
ARO:3003080	39627	daptomycin resistant pgsA	21709092;22238576
ARO:3003079	39626	Enterococcus faecium liaS mutant conferring daptomycin resistance	22664970;21899450
ARO:3000368	36507	vanC	9666008;1551598;16323116
ARO:3001102	37482	SHV-44	14576109
ARO:3000317	36456	AAC(1)-I	10726929;3326872
ARO:3000392	36531	Erm(37)	16174779;14693532
ARO:3002653	39053	APH(3')-VIb	2848443
ARO:3000825	37205	rob	12791142;9324261
ARO:3002665	39065	npmA	17875999
ARO:3000330	36469	sulfisoxazole	978409
ARO:3002374	38774	VEB-6	18025117
ARO:3000801	37181	MexD	8878035;9449262
ARO:3001741	38141	OXA-286	30247543;24277043
ARO:3001744	38144	OXA-289	24277043
ARO:3002601	39001	aadA	2986186
ARO:3001359	37759	SHV-176	24403301
ARO:3002869	39303	dfrK	22718530
ARO:3002870	39304	tet(34)	11959596
ARO:3002871	39305	tet(37)	12654685
ARO:3002872	39306	FosA3	26488485
ARO:3002733	39167	QnrB18	22731858
ARO:3003551	40153	emeA	12576692
ARO:3003552	40155	fusB	16390458;22308410
ARO:3003553	40156	CepS	11062187
ARO:3003554	40157	tcmA	1592819
ARO:3003555	40158	SHW beta-lactamase	15772146
ARO:3003556	40159	SLB-1	15772146
ARO:3003411	39995	Escherichia coli 16S rRNA (rrnB) mutation conferring resistance to tetracycline	16269538
ARO:3003455	40048	Mycobacterium tuberculosis embR mutant conferring resistance to ethambutol	30337678;10639358
ARO:3003456	40049	antibiotic resistant ethA	10869356
ARO:3003458	40051	Mycobacterium tuberculosis ethA with mutation conferring resistance to ethionamide	;30337678;28993337;10944230;14638486		978-92-4-008241-0
ARO:3003459	40052	Mycobacterium tuberculosis gyrB with mutation conferring resistance to fluoroquinolones	;35944069;30337678;16377674;22761889		978-92-4-008241-0
ARO:3003460	40053	antibiotic resistant ndh	17294000
ARO:3003461	40054	Mycobacterium tuberculosis ndh with mutation conferring resistance to isoniazid	30337678;30583053;26311839;26369965;26104204;24855126;17294000
ARO:3002789	39223	QnrD2	24733466
ARO:3001717	38117	OXA-261	24277043
ARO:3002770	39204	QnrB57	26169406
ARO:3000309	36448	emrD	16842212;8987357;16675700;8240355
ARO:3000783	37163	cmeA	15728904
ARO:3000804	37184	MexF	10515918
ARO:3000807	37187	MexH	12917802;15817779
ARO:3000811	37191	mtrD	14500476;9245801
ARO:3000123	36262	gramicidin	18745784
ARO:3001784	38184	OXA-181	21768505
ARO:3001797	38197	OXA-46	15855521
ARO:3001909	38309	CTX-M-47	16082008
ARO:3001208	37589	methicillin-resistant PBP2	12389036;2708325;15226303;6563036;22941897;21641281
ARO:3001209	37590	mecC	28069659;23274660;22941897;21641281
ARO:3000569	36708	tet(41)	17308196
ARO:3003003	39437	CfxA3	14766881
ARO:3000546	36685	Streptomyces roseochromogenus subsp. oscitans clorobiocin biosynthetic gene cluster	12480894;16868863
ARO:3000673	37017	griseoviridin	15700955
ARO:3002981	39415	AmrAB-OprM	24393536;10582892
ARO:3002982	39416	amrA	24393536;10582892
ARO:3000732	37112	antibiotic sensitive Isoleucyl-tRNA transferase	7929087;5803296
ARO:3000733	37113	fluoroquinolone sensitive gyrA	1657531;9293187
ARO:3000735	37115	Fluoroquinolone sensitive parC	9293187
ARO:3000736	37116	rho transcription terminator factor	8466900;21326894
ARO:3000737	37117	rifamycin sensitive beta-subunit of RNA polymerase (rpoB)	15700959
ARO:3000738	37118	deoxyribonucleic acid	4941089;63969;15685195
ARO:3000740	37120	ribonucleic acid	63969;1701259;15685195;7509881
ARO:3000741	37121	transcription complex DNA	13948669;2410919
ARO:3000743	37123	1-deoxy-D-xylulose 5-phosphate reductoisomerase	16321944;17430177
ARO:3000746	37126	mepR	15855507;16569840;15855508
ARO:3000753	37133	abeM	16189122
ARO:3000754	37134	antibiotic sensitive peptidyl transferase (23S rRNA)	10445875;16257828;16569865
ARO:3000739	37119	RNA guanosine binding site	7509881
ARO:3000742	37122	anaerobe DNA	8444678
ARO:3001622	38022	OXA-77	16189095
ARO:3001628	38028	OXA-93	17284537
ARO:3001634	38034	OXA-80	17391399
ARO:3001771	38171	OXA-57	15793160
ARO:3001776	38176	OXA-162	22290940
ARO:3001783	38183	OXA-163	21422200
ARO:3001796	38196	OXA-50	15155197
ARO:3001808	38208	OXA-60	15504844
ARO:3003044	39478	PBP1b	10515951
ARO:3001893	38293	CTX-M-31	12936986
ARO:3001894	38294	CTX-M-32	15155242
ARO:3001895	38295	CTX-M-33	17234386
ARO:3001896	38296	CTX-M-34	16244084
ARO:3001898	38298	CTX-M-36	21940649
ARO:3001899	38299	CTX-M-37	16949257
ARO:3001900	38300	CTX-M-38	19927355
ARO:3001901	38301	CTX-M-39	16251320
ARO:3001902	38302	CTX-M-40	16697557
ARO:3001903	38303	CTX-M-41	18487232
ARO:3001904	38304	CTX-M-42	18212109
ARO:3001905	38305	CTX-M-43	16510850
ARO:3001925	38325	CTX-M-64	18955524
ARO:3001926	38326	CTX-M-65	18195064
ARO:3001927	38327	CTX-M-66	17913434
ARO:3001928	38328	CTX-M-67	18775649
ARO:3001929	38329	CTX-M-68	19748232
ARO:3001930	38330	CTX-M-69	21940649
ARO:3001932	38332	CTX-M-71	19620330
ARO:3001933	38333	CTX-M-72	19590148
ARO:3001946	38346	CTX-M-86	18984647
ARO:3001947	38347	CTX-M-87	19429759
ARO:3001949	38349	CTX-M-89	19587301
ARO:3001950	38350	CTX-M-90	21282448
ARO:3001951	38351	CTX-M-91	22450980
ARO:3001952	38352	CTX-M-92	24589574
ARO:3001953	38353	CTX-M-93	21343457
ARO:3001954	38354	CTX-M-94	23050014
ARO:3001955	38355	CTX-M-95	22697133
ARO:3001911	38311	CTX-M-49	16082008
ARO:3001958	38358	CTX-M-99	23034125
ARO:3001972	38372	CTX-M-112	21859815
ARO:3001975	38375	CTX-M-115	23982021
ARO:3002569	38969	AAC(6')-Iy	10542165
ARO:3000700	37044	lividomycin A	4586150;5092786
ARO:3007367	46113	L-CS319	27623409
ARO:3007368	46115	FosG	33199384
ARO:3007369	46116	FosH	33199384
ARO:3007370	46117	FosI	26552984
ARO:3007371	46119	FosA8	31481445
ARO:3007372	46120	FosBx1	33199384
ARO:3007373	46121	PJM beta-lactamase	35943258
ARO:3007374	46122	PJM-1	35943258
ARO:3007375	46125	KPC-87	36003991
ARO:3007376	46126	gentamicin X	25641167
ARO:3007377	46127	6'-N-ethylnetilmicin	8385262
ARO:3007378	46128	2'-N-ethylnetilmicin	8385262
ARO:3007300	46046	L-captopril	26482303
ARO:3007301	46047	D-captopril	26482303
ARO:3007302	46048	thiorphan	31663735
ARO:3007303	46049	tiopronin	31663735
ARO:3007304	46050	dimercaprol	31663735
ARO:3007305	46051	ME1071	23891525
ARO:3007306	46052	phosphonoformate	28993329;15504029
ARO:3007307	46053	phosphonoacetate	15504029
ARO:3007308	46054	acetylphosphonate	15504029
ARO:3007309	46055	quercetin	31755586;23758273
ARO:3007310	46056	aranorosin	22760297
ARO:3007311	46057	pterostilbene	29339386
ARO:3007312	46058	SPR741	28947471
ARO:3007313	46059	KL-L9P	33205989
ARO:3007314	46060	pentamidine	28263303
ARO:3007315	46061	MAC-0568743	33974796
ARO:3007316	46062	liproxstatin-1	33974796
ARO:3007317	46063	D-LANA-14	28225264;31646866
ARO:3007318	46064	metformin	32596101;34007223
ARO:3007319	46065	bicarbonate	32898415;29264917
ARO:3007320	46066	phenylalanine-arginine beta-naphthylamide	33889361;23544160
ARO:3007329	46075	baicalin	28453568;31921008
ARO:3007330	46076	reserpine	31397441
ARO:3007331	46077	piperine	21680766;18848780
ARO:3007332	46078	piperidine	18848780
ARO:3007333	46079	verapamil	24532601
ARO:3007334	46080	norverapamil	24532601
ARO:3007335	46081	chlorpromazine	32487753
ARO:3007336	46082	amitriptyline	32487753
ARO:3007337	46083	thioridazine	32312774;18836028
ARO:3007338	46084	biochanin A	28964936
ARO:3007339	46085	phloretin	34833994
ARO:3007340	46086	epigallocatechin gallate	15643566;15155186
ARO:3007341	46087	hesperetin	34833994
ARO:3007342	46088	naringenin	34833994
ARO:3007343	46089	sophoraflavanone G	34833994
ARO:3007344	46090	chrysoeriol	34833994
ARO:3007345	46091	sideroxylin	22814821
ARO:3007346	46092	6-desmethylsideroxylin	22814821
ARO:3007347	46093	8-desmethylsideroxylin	22814821
ARO:3007348	46094	diosmetin	34833994
ARO:3007349	46095	chrysosplenetin	34833994
ARO:3007350	46096	galangin	34833994
ARO:3007351	46097	kaempferol	34833994
ARO:3007352	46098	kaempferol rhamnoside	34833994
ARO:3007353	46099	myricitrin	34833994
ARO:3007354	46100	penduletin	34833994
ARO:3007355	46101	tiliroside	34833994
ARO:3007356	46102	daidzein	34833994
ARO:3007357	46103	genistein	32923005
ARO:3007358	46104	orobol	32923005
ARO:3007359	46105	MBX-2319	25114133
ARO:3007360	46106	capsaicin	22807321
ARO:3007361	46107	rutin	34456739
ARO:3007362	46108	citral	33392626
ARO:3007363	46109	furanone	31971503
ARO:3007364	46110	cefepime-tazobactam	33716176
ARO:3007365	46111	cefepime-enmetazobactam	35471043
ARO:3007366	46112	aztreonam-avibactam	35760303
ARO:3007680	46462	2,4-diacetylphloroglucinol	37653049
ARO:3007681	46463	outer membrane vesicle	37640276
ARO:3007682	46464	MdtQ	37640276
ARO:3007683	46469	Serine/threonine kinases	28698584;22045988;34672600
ARO:3007684	46471	transmembrane protein conferring colistin resistance	25190723
ARO:3007685	46472	nifuratel	37732770
ARO:3007686	46473	mutanobactin	37745448
ARO:3007687	46474	zidovudine	37660210
ARO:3007688	46475	menadione	37707372
ARO:3007689	46476	selamectin	37764086
ARO:3007690	46477	antibiotic resistant Rv2535c	27185800
ARO:3007691	46478	bedaquiline resistant Rv2535c	27185800
ARO:3007692	46479	Mycobacterium tuberculosis Rv2535c with mutation conferring resistance to bedaquiline	;27185800		978-92-4-008241-0
ARO:3007693	46480	AMZ beta-lactamase	37808287
ARO:3007694	46481	AMZ-1	37808287
ARO:3007695	46483	CMY-185	37574665
ARO:3007706	46495	OXA-213-like beta-lactamase	24696435
ARO:3007721	46510	OXA-48-like beta-lactamase	33753332
ARO:3007725	46514	OXA-51-like beta-lactamase	24696435;17724156
ARO:3000270	36409	protein modulating permeability to antibiotic	19100346;2848006
ARO:3000901	37281	TEM-31	1490918;8056297
ARO:3001074	37454	SHV-15	10689171
ARO:3002865	39299	dfrC	7768789
ARO:3002636	39036	APH(2'')-IIIa	9055984
ARO:3002637	39037	APH(2'')-IVa	9593155
ARO:3007193	45933	National Committee for Clinical Laboratory Standards (NCCLS)	11977864
ARO:3007195	45935	National Antimicrobial Resistance Monitoring System (NARMS)	17927472
ARO:3007196	45938	KPC-123	35794918
ARO:3007197	45939	enramycin	35841645
ARO:3007198	45940	PAM beta-lactamase	33577996;24356301
ARO:3007199	45941	PAM-1	24356301
ARO:3007200	45943	PAM-2	33577996
ARO:3007202	45946	NDM-16b	35867355
ARO:3007203	45947	Klebsiella pneumoniae mutant PhoQ conferring resistance to colistin	35920875
ARO:3007204	45948	AAC(6')-Iap	35862995
ARO:3007205	45949	KBL beta-lactamase	35862995
ARO:3007206	45950	KBL-1	35862995
ARO:3007207	45951	helicase-like RNA polymerase protection protein	35907401
ARO:3007208	45952	HelR	35907401
ARO:3007209	45953	Streptomyces venezuelae rox	29398560
ARO:3007210	45954	Nocardia farcinica rox	19942945
ARO:3007455	46218	cethromycin	37081393
ARO:3007456	46219	dfrL	36935372
ARO:3007457	46220	carrimycin	37113529
ARO:3007458	46221	cefovecin	37107106
ARO:3007459	46222	EstT	36791107
ARO:3007460	46224	IMP-91	37092959
ARO:3007461	46225	IMP-96	37092959
ARO:3007466	46231	BP2	37106995
ARO:3007467	46232	sulbactam-durlobactam	37052117
ARO:3007468	46233	sulfanilamide	37081146
ARO:3007469	46234	sulfamerazine	37081146
ARO:3007470	46235	IND-17	37047008
ARO:3007471	46237	narasin	37119567
ARO:3007472	46238	tilmicosin	37110187
ARO:3007473	46239	Mycobacterium avium gyrA with mutation conferring resistance to fluoroquinolone	37067420
ARO:3007474	46241	contezolid	36992830
ARO:3007475	46242	cefcapene	36872372
ARO:3007476	46243	Mycobacterium abscessus atpE with mutation conferring resistance to bedaquiline	36988496
ARO:3007477	46244	antibiotic resistant ATP synthase	36988496
ARO:3007478	46245	darobactin A	35926121
ARO:3007479	46246	caprazamycin	36697788
ARO:3007480	46247	TBI-223	36106881
ARO:3007481	46248	pseudouridimycin	36873015
ARO:3007483	46250	RAD-1	36883515
ARO:3007484	46251	monensin	37219624
ARO:3007485	46252	nigericin	37247906
ARO:3007486	46253	wychimicin	36071214
ARO:3007487	46254	wychimicin A	36071214
ARO:3007488	46255	wychimicin C	36071214
ARO:3007489	46256	dfrB10	26679251
ARO:3007490	46257	dfrB11	28350393
ARO:3007491	46259	Pseudomonas aeruginosa ampR with mutation conferring resistance to aztreonam	37070974
ARO:3007492	46260	tet(62)	33515651
ARO:3007493	46261	tet(63)	33247717
ARO:3007494	46262	tet(64)	33318011
ARO:3007495	46264	azole antibiotic	32906036
ARO:3007496	46265	echinocandin antibiotic	4613708
ARO:3007497	46266	polyene antifungal	33261213
ARO:3007498	46267	allylamine antifungal	2229523;1822408
ARO:3007499	46268	triazole antifungal	35547394
ARO:3007500	46269	imidazole antibiotic	18366001;7003674
ARO:3007501	46270	caspofungin	11465873
ARO:3007502	46271	micafungin	18424132
ARO:3007503	46272	anidulafungin	15456342
ARO:3007504	46273	amphotericin B	33523419
ARO:3007505	46274	nystatin	4919155
ARO:3007506	46275	naftifine	18346400;1723367
ARO:3007507	46276	terbinafine	1372222
ARO:3007508	46277	fluconazole	10830059;8448970
ARO:3007509	46278	Shigella flexneri acrA	19035770
ARO:3007510	46279	dfrv	29391815
ARO:3007511	46280	itraconazole	2561187
ARO:3007512	46281	voriconazole	16278744
ARO:3007513	46282	posaconazole	10898669
ARO:3007514	46283	isavuconazole	16284102
ARO:3007515	46284	ANT(9)-Ic	37039640
ARO:3007516	46285	clotrimazole	4677595;5579860
ARO:3007517	46286	ketoconazole	6276122;707893
ARO:3007518	46287	miconazole	4563141;4919243
ARO:3007519	46288	econazole	4417140;1173036
ARO:3007520	46289	oxiconazole	7037014;583212
ARO:3007521	46290	flumequine	34729090
ARO:3007522	46291	antifungal-resistant cytochrome P450 enzyme	28176517
ARO:3007523	46292	triazole-resistant fungal cytochrome P450 enzyme	28176517
ARO:3007524	46293	Candida spp. ERG11 with mutations conferring resistance to azole antibiotics	35163552;28176517
ARO:3007525	46295	norvancomycin	36823383
ARO:3007527	46298	Bacillus subtilis rpsE mutations conferring resistance to spectinomycin	34339280
ARO:3007528	46299	gallic acid	37125728
ARO:3007529	46300	pivmecillinam	31067667
ARO:3007531	46302	Streptococcus pyogenes PBP2x conferring resistance to beta-lactam antibiotics	36374114;31630171
ARO:3007532	46303	proflavine	36240541
ARO:3007533	46304	MCR-4.7	37171842
ARO:3007534	46305	arsinothricin	36785875
ARO:3007535	46306	pretomanid	36409105
ARO:3007536	46307	Mycobacterium tuberculosis 16S rRNA (rrnS) mutation conferring resistance to amikacin	35944069;37224060
ARO:3007537	46308	Mycobacterium tuberculosis 16S rRNA (rrnS) mutation conferring resistance to kanamycin	35944069;37224060
ARO:3007538	46309	chenodeoxycholic acid	36625660
ARO:3007539	46310	APH(9)-Ic	36699730
ARO:3007540	46311	cyclomarin antibiotics	27241518;36748577
ARO:3007541	46312	cyclomarin A	27241518;36748577
ARO:3007542	46313	cyclomarin B	27241518
ARO:3007543	46314	cyclomarin C	27241518
ARO:3007544	46315	Erysipelothrix rhusiopathiae gyrA with mutation conferring resistance to enrofloxacin	36986331
ARO:3007545	46316	antifungal resistant beta-1,3-glucan synthase	19546367
ARO:3007546	46317	echinocandin-resistant beta-1,3-D-glucan synthase	19546367
ARO:3007547	46318	salinomycin	37276926
ARO:3007548	46319	Candida glabrata FKS2 with mutations conferring resistance to micafungin	32277126;28630180;24153129;27069849;31111912;29228268;20145084;22354305;37233226;34575729;32661647;31354675;30629653;22751546;20837754;22948870;28784671;26392494;24126582;31520783;30895218;27872063;24890592;23487382;19546367
ARO:3007549	46320	antibiotic resistant ergosterol biosynthesis pathway transcription factor	18487346
ARO:3007550	46321	triazole-resistant fungal transcription factor Upc2	18487346
ARO:3007551	46322	Candida spp. Upc2 with mutations conferring resistance to azole antibiotics	18487346
ARO:3007552	46323	pleiotropic drug resistance transcription factors	15388433;9043118;7614555
ARO:3007553	46324	Candida albicans CDR1 with mutations conferring resistance to antifungals	7614555
ARO:3007554	46325	Candida albicans CDR2 with mutations conferring resistance to azoles	9043118
ARO:3007555	46326	Zn2Cys6 transcription factors	16452151
ARO:3007805	46591	Mycobacterium tuberculosis tlyA mutations conferring resistance to capreomycin			978-92-4-008241-0
ARO:3007806	46592	Mycobacterium tuberculosis gyrA mutations conferring resistance to moxifloxacin			978-92-4-008241-0
ARO:3007807	46593	Mycobacterium tuberculosis gyrA mutations conferring resistance to ofloxacin			978-92-4-008241-0
ARO:3007808	46594	Mycobacterium tuberculosis gyrB mutations conferring resistance to ofloxacin			978-92-4-008241-0
ARO:3007809	46595	Mycobacterium tuberculosis gyrA mutations conferring resistance to levofloxacin			978-92-4-008241-0
ARO:3007810	46596	Mycobacterium tuberculosis gyrB mutations conferring resistance to levofloxacin			978-92-4-008241-0
ARO:3007811	46597	Mycobacterium tuberculosis fabG1 with mutations conferring resistance to prothionamide			978-92-4-008241-0
ARO:3007838	46626	tet(65)	38497972
ARO:3007839	46628	CIM beta-lactamase	38454015
ARO:3007840	46629	CIM-1	38454015
ARO:3007842	46631	Lahey list of beta-lactamases	36951174;35380458
ARO:3007843	46632	VRA-F	38838390
ARO:3007844	46633	KPC-135	38952349
ARO:3007845	46634	SIE beta-lactamase	34310207
ARO:3007846	46635	SIE-1	34310207
ARO:3007849	46639	Mycobacterium tuberculosis fgd1 with mutation conferring resistance to delamanid	32361756		;978-92-4-008241-0
ARO:3007851	46641	delamanid-resistant fgd1	32361756
ARO:3007852	46642	Mycobacterium tuberculosis Rv0678 with mutation conferring resistance to clofazimine			978-92-4-008241-0
ARO:3007736	46484	dexrazoxane	37539785
ARO:3007745	46525	nordihydroguaiaretic acid	37539785
ARO:3007746	46526	embelin	37539785
ARO:3007747	46527	candesartan cilexetil	37539785
ARO:3007748	46528	oncocin	29256010;37797458
ARO:3007749	46529	Salmonella gallinarum folP with mutation conferring resistance to sulfonamides	37906281
ARO:3007750	46530	betaxolol	37686201
ARO:3007751	46531	Salmonella isangi gyrA conferring resistance to fluoroquinolones	37627729
ARO:3007752	46533	Salmonella isangi gyrB conferring resistance to fluoroquinolones	37627729
ARO:3007753	46534	xeruborbactam-OBSOLETE	37800963
ARO:3007754	46535	lasalocid A	38069118
ARO:3007755	46536	calcimycin	38103757
ARO:3007756	46537	ophiobolin A	38131643
ARO:3007757	46538	sphaeropsidin A	38131643
ARO:3007758	46539	fengycin	38092837;29376372
ARO:3007759	46541	Treponema pallidum 23S rRNA with mutation conferring resistance to erythromycin	19429763;15247355;10755994
ARO:3007760	46543	tulathromycin	16094557
ARO:3007761	46544	gamithromycin	31680940
ARO:3007762	46545	tildipirosin	29867911
ARO:3007763	46546	Marinomycin	16448135
ARO:3007764	46547	marinomycin A	16448135
ARO:3007765	46548	marinomycin B	16448135
ARO:3007766	46549	marinomycin C	16448135
ARO:3007767	46550	marinomycin D	16448135
ARO:3007768	46551	tetronomycin	7076564
ARO:3007769	46552	cezomycin	29654174
ARO:3007772	46555	valinomycin	1068473
ARO:3007773	46556	bis-indole alkaloid with antibiotic activity	34200196
ARO:3007774	46557	dragmacidin A	28085024;38206835
ARO:3007775	46558	dragmacidin B	28085024;38206835
ARO:3007776	46559	dragmacidin D	28085024;38206835
ARO:3007777	46560	dragmacidin E	28085024;38206835
ARO:3007778	46561	dragmacidin F	28085024;38206835
ARO:3007779	46562	halolitoralin	34677431
ARO:3007780	46563	halolitoralin A	34677431
ARO:3007781	46564	halolitoralin B	34677431
ARO:3007782	46565	halolitoralin C	34677431
ARO:3007783	46566	macrocyclic peptide antibiotics	34206124
ARO:3007784	46567	zosurabalpin	38453528;38172634
ARO:3007785	46568	nocardamine	31395970;38338462
ARO:3007786	46569	Tartrolon	37804169
ARO:3007787	46570	tartrolon A	7532644
ARO:3007788	46571	tartrolon B	7532644
ARO:3007789	46572	tartrolon D	7532644
ARO:3007790	46573	tartrolon F	7532644
ARO:3007791	46574	tartrolon G	7532644
ARO:3007792	46575	aplasmomycin	30089869
ARO:3007793	46576	boromycin	30089869
ARO:3007794	46577	Vibrio vulnificus rpoB mutants conferring resistance to rifampin	37877661
ARO:3007795	46579	azalomycin F	38398608;34770873
ARO:3007796	46580	tylvalosin	34729086
ARO:3007797	46581	ampR transcriptional regulator with mutation conferring resistance to monobactam antibiotics	37070974
ARO:3007798	46582	Mycobacterium tuberculosis iniA mutations conferring resistance to isoniazid	12654653
ARO:3007800	46585	RATA beta-lactamase	38692330
ARO:3007801	46586	RATA-1	38692330
ARO:3007802	46587	RATA-2	38692330
ARO:3009148	47985	MexJK	12193619
ARO:3009153	47990	MexHI-OpmD	12937010;17223624
ARO:3009155	47992	atovaquone	12936966
ARO:3009156	47993	neutramycin	14274934;27199910;5766558;14510587;5870757
ARO:3009157	47994	General Ontology for Antimicrobial Resistance Catalogues (GOARC)	41396803
ARO:3007379	46129	5-episisomicin	697347
ARO:3007381	46131	KPC-86	36003991
ARO:3007382	46133	gentamicin	28507482
ARO:3007383	46134	KPC-95	35038557
ARO:3007384	46135	AAC(3)-I	8385262
ARO:3007385	46136	AAC(3)-II	8385262
ARO:3007386	46137	AAC(3)-III	8385262
ARO:3007387	46138	AAC(3)-IV	8385262
ARO:3007388	46139	AAC(3)-VI	8385262
ARO:3007395	46146	AAC(6')-I	8385262
ARO:3007396	46147	AAC(6')-II	8385262
ARO:3007397	46148	Swedish Reference Group for Antibiotics (SIR)		10.3109/inf.1981.13.issue-2.13
ARO:3007398	46149	Werkgroep Richtlijnen Gevoeligheidsbepalingen (WRG)		10.1007/bf01964289
ARO:3007399	46150	ANT(6)-I	20833577;8385262
ARO:3007400	46151	ANT(9)-I	20833577;8385262
ARO:3007401	46152	ANT(9)-Ib	1659306
ARO:3007402	46153	KPC-94	35038557
ARO:3007420	46176	Klebsiella pneumoniae lamB with mutations conferring resistance to ceftazidime-avibactam	34551677
ARO:3007421	46177	Klebsiella pneumoniae PBP3 mutants conferring resistance to ceftazidime-avibactam	34551677
ARO:3007422	46178	ceftaroline-avibactam	22441578
ARO:3007423	46179	Escherichia coli PBP3 mutants conferring resistance to beta-lactam antibiotics	41718487;25634992;28559260
ARO:3007424	46180	resistance by host-dependent nutrient acquisition	36450721
ARO:3007426	46182	ECF transporter S component	36450721
ARO:3007427	46183	ThfT	36450721
ARO:3007428	46184	polymyxin resistance operon	25068415
ARO:3007430	46186	alm glycyl carrier protein	25068415
ARO:3007431	46187	almF	25068415
ARO:3007432	46188	alm glycyltransferase	25068415
ARO:3007433	46189	almE	25068415
ARO:3007434	46190	almEFG	25068415
ARO:3007435	46193	WUS-1	36532482
ARO:3007437	46195	EBR-5	36719228
ARO:3007438	46196	LAQ-1	36504772
ARO:3007439	46197	SSA beta-lactamase	36626997
ARO:3007440	46198	WUS beta-lactamase	36532482
ARO:3007441	46199	LAQ beta lactamase	36504772
ARO:3007442	46200	SSA	36626997
ARO:3007556	46327	fungal uracil phosphoribosyltransferase	15504867
ARO:3007557	46328	Candida spp. FUR1 with mutations conferring resistance to 5-flucytosine	15504867
ARO:3007558	46329	5-flucytosine	37051439
ARO:3007559	46330	Saccharomyces spp. FUR1 with mutations conferring resistance to 5-flucytosine	2189783
ARO:3007561	46334	OXA-1038	37317299
ARO:3007562	46335	OXA-1039	37317299
ARO:3007563	46336	Candida spp. TAC1 with mutations conferring resistance to azole antibiotics	16452151
ARO:3007564	46337	pH-responsive transcription factors	29610197
ARO:3007565	46338	Aspergillus spp. cyp51A with mutations conferring resistance to triazoles antibiotics	12604551;15215142;21907818
ARO:3007566	46339	Cryptococcus spp. AFR1	12519188
ARO:3007567	46340	UDP-glucuronic acid decarboxylase	34103502;31913284
ARO:3007568	46341	Cryptococcus spp. UXS1 conferring resistance to 5-flucytosine via absence	34103502;31913284
ARO:3007570	46343	mycaminosyltylonolide	37208456
ARO:3007571	46344	cefquinome	37280708
ARO:3007572	46345	cinnamaldehyde	37298240
ARO:3007573	46346	fasamycin	37327570
ARO:3007574	46347	formicamycin	33440167
ARO:3007575	46348	fasamycin A	37327570
ARO:3007576	46349	fasamycin B	37327570
ARO:3007577	46350	fasamycin G	37327570
ARO:3007578	46351	fasamycin H	37327570
ARO:3007579	46352	fasamycin I	37327570
ARO:3007580	46353	fasamycin J	37327570
ARO:3007581	46354	fasamycin K	37327570
ARO:3007582	46355	formicamycin A	33440167
ARO:3007583	46356	formicamycin B	33440167
ARO:3007584	46357	formicamycin C	33440167
ARO:3007585	46358	formicamycin E	33440167
ARO:3007586	46359	formicamycin M	33440167
ARO:3007587	46360	formicamycin O	33440167
ARO:3007588	46361	formicamycin L	33440167
ARO:3007589	46362	formicamycin F	33440167
ARO:3007590	46363	formicamycin P	33440167
ARO:3007591	46364	formicamycin G	33440167
ARO:3007592	46365	formicamycin D	33440167
ARO:3007593	46366	formicamycin N	33440167
ARO:3007594	46367	formicamycin H	33440167
ARO:3007595	46368	formicamycin Q	33440167
ARO:3007596	46369	formicamycin I	33440167
ARO:3007597	46370	formicamycin J	33440167
ARO:3007598	46371	formicamycin K	33440167
ARO:3007599	46372	propolis	36777436
ARO:3007600	46373	cervimycin	36173303
ARO:3007601	46374	cervimycin A	36173303
ARO:3007602	46375	cervimycin B	36173303
ARO:3007603	46376	cervimycin C	36173303
ARO:3007604	46377	cervimycin D	36173303
ARO:3007605	46378	cervimycin K1	36173303
ARO:3007606	46379	cervimycin K2	36173303
ARO:3007607	46380	cervimycin N	36173303
ARO:3007608	46381	antibiotic susceptible ERG11	18487346;35163552
ARO:3007611	46384	sarafloxacin	37250042
ARO:3007612	46385	hinokitiol	36943047
ARO:3007613	46386	totarol	17664318
ARO:3007614	46387	resveratrol	29906565
ARO:3007615	46388	pyrrolomycin antibiotic	36171648
ARO:3007616	46389	pyrrolomycin A	36171648
ARO:3007617	46390	pyrrolomycin B	36171648
ARO:3007618	46391	pyrrolomycin C	36171648
ARO:3007619	46392	pyrrolomycin D	36171648
ARO:3007620	46393	pyrrolomycin E	36171648
ARO:3007621	46394	pyrrolomycin F	36171648
ARO:3007622	46395	pyrrolomycin F2a	36171648
ARO:3007623	46396	pyrrolomycin F2b	36171648
ARO:3007624	46397	pyrrolomycin G	36171648
ARO:3007625	46398	pyrrolomycin H	36171648
ARO:3007626	46399	pyrrolomycin F3	36171648
ARO:3007627	46400	pyrrolomycin I	36171648
ARO:3007628	46401	pyrrolomycin J	36171648
ARO:3007629	46402	cadaside antibiotic	36168660
ARO:3007630	46403	cadaside A	36168660
ARO:3007631	46404	cadaside B	36168660
ARO:3007632	46405	FRI-11	36773190
ARO:3007633	46407	KPC-125	36112395
ARO:3007634	46408	CAE beta-lactamase	36869066
ARO:3007635	46409	CAE-1	36869066
ARO:3007636	46411	iboxamycin	34707295
ARO:3007637	46412	Clostridioides difficile cplR	36951104
ARO:3007638	46413	hygromycin A	26028538
ARO:3007639	46414	A201A	26028538
ARO:3007640	46415	Candida spp. pleiotropic drug resistance factor 1	15388433
ARO:3007641	46416	fungal nucleobase transporters	17784857
ARO:3007642	46417	Aspergillus spp. fcyB conferring resistance to 5-flucytosine via reduced permeability	29610197
ARO:3007643	46418	Aspergillus spp. transcription factor pacC	29610197
ARO:3007644	46419	Clostridium perfringes cplR	36951104
ARO:3007645	46421	Clostridium sporogenes cplR	36951104
ARO:3007646	46422	Neobacillus vireti vmlR2	36951104
ARO:3007647	46423	PSZ beta-lactamase	37529328
ARO:3007648	46424	PSZ-1	37529328
ARO:3007649	46426	CDA beta-lactamase	25136020
ARO:3007650	46427	CDA-1	25136020
ARO:3007651	46429	carmoisine	37485898
ARO:3007652	46430	lipoxin A4	37462621
ARO:3007653	46431	ascorbic acid	37520362
ARO:3007654	46432	erm(56)	37417762
ARO:3007655	46433	nifuroxazide	37409934
ARO:3007656	46434	antibiotic resistant Mycobacterium tuberculosis nitroreductase	36409105
ARO:3007657	46435	metal transporters with antibiotic efflux	36282241
ARO:3007658	46436	albicidin	17074789;31451755
ARO:3007659	46437	putative nickel/cobalt transporter	36282241
ARO:3007660	46440	clerocidin	12930966
ARO:3007661	46441	Mycobacterium tuberculosis ddn mutation conferring resistance to nitroimidazole antibiotics	;35944069;36409105		978-92-4-008241-0
ARO:3007662	46442	Rv1877	36125560
ARO:3007663	46443	stress-activated protein kinases	30355673
ARO:3007664	46444	Candida spp. High Osmolarity Glycerol 1 conferring resistance to caspofungin via absence	30355673
ARO:3007666	46446	Candida spp. cyp51A1 with mutations conferring resistance to triazoles and imidazole antibiotics	9527767
ARO:3007667	46447	imidazole-resistant fungal cytochrome P450 enzyme	9527767
ARO:3007668	46448	antifungal resistant HMG-CoA reductase	30940706
ARO:3007669	46449	aadT	37252766
ARO:3007670	46450	Aspergillus spp. Hmg1 with mutations conferring resistance to triazoles antibiotics	30940706
ARO:3007671	46451	Clostridioides difficile nimB	37438331
ARO:3007672	46453	antibiotic resistant Rv0678	37280265
ARO:3007673	46454	bedaquiline resistant Rv0678	37280265
ARO:3007674	46455	Mycobacterium tuberculosis Rv0678 with mutation conferring resistance to bedaquiline	;35944069;37280265		978-92-4-008241-0
ARO:3007675	46456	famotidine	37439688
ARO:3007676	46458	oxacephem	37610203
ARO:3007677	46459	furazidin	37629208
ARO:3007678	46460	IreK	34672600;37517789
ARO:3007679	46461	chrysomycin A	37540745
ARO:3009110	47940	cefazedone	39575
ARO:3009111	47941	cefatrizine	808525
ARO:3009112	47942	cefacetrile	4661097
ARO:3009113	47943	cefroxadine	6998373
ARO:3009114	47944	ceftezole	994325;825020
ARO:3009115	47945	ceforanide	426520;315929
ARO:3009116	47946	cefminox	6434763;6434760
ARO:3009117	47947	cefbuperazone	7143714
ARO:3009118	47948	cefmenoxime	6941742
ARO:3009119	47949	cefodizime	6295264;6275785
ARO:3009120	47950	cefpiramide	6275785
ARO:3009121	47951	cefteram	3840213;3761550
ARO:3009122	47952	cefozopran	1889877
ARO:3009126	47956	azidocillin	4999682
ARO:3009127	47957	phenethicillin	13849468
ARO:3009128	47958	penamecillin	4959939
ARO:3009129	47959	clometocillin	14128892
ARO:3009130	47960	pivampicillin	5521364
ARO:3009131	47961	epicillin	4343402
ARO:3009132	47962	hetacillin	5907864
ARO:3009133	47963	aspoxicillin	6833130
ARO:3009134	47964	antifungal resistance-associated MSH	27020939
ARO:3009177	48022	cerulenin	14084120
ARO:3009178	48023	diamide	21015756
ARO:3009179	48024	diethofencarb	1388107
ARO:3009180	48025	hexaconazole	24084639
ARO:3009181	48026	tebuconazole	32186508
ARO:3009182	48027	propiconazole	29507067
ARO:3009575	48436	Candida albicans ERG11 lanosterol 14-alpha-demethylase with mutations conferring resistance to posaconazole	40790106
ARO:3009578	48439	Candida dubliniensis ERG11 lanosterol 14-alpha-demethylase with mutations conferring resistance to fluconazole	40790106
ARO:3009588	48449	Saccharomyces cerevisiae ERG11 lanosterol 14-alpha-demethylase with mutations conferring resistance to fluconazole	40790106
ARO:3009614	48475	Nakaseomyces glabratus FKS1 beta-1,3-glucan synthase with mutations associated with resistance to itraconazole	30629653
ARO:3009633	48494	Cryptococcus neoformans Ura6 uridylate kinase with mutations conferring resistance to 5-fluorocytosine	40790106
ARO:3009642	48503	nafithromycin	40833448
ARO:3009643	48504	VIM-92	40078538
ARO:3009644	48505	AMM beta-lactamase	40629814
ARO:3009646	48508	AMM-2	40629814
ARO:3009647	48510	erm(55)	39817789
ARO:3009648	48519	OXA-1054	42210695
ARO:3009654	48525	MrmA	40130321
ARO:3009660	48531	Staphylococcus aureus PBP4 mutant conferring resistance to nafcillin and cefoxitin	34151961
ARO:3009661	48532	Staphylococcus aureus PBP4 mutant conferring resistance to nafcillin	34151961
ARO:3009663	48534	CARD k-mers		10.1101/2025.09.15.676352v1
ARO:3009664	48535	CARD Bait Capture Platform	40019273
ARO:3009665	48536	Resistance Gene Identifier	36263822
ARO:3009666	48537	CARD-R	36263822
ARO:3009667	48538	CARD*Shark	37079891
ARO:3000535	36674	macB	16359323;12832048;19432486
ARO:3009183	48028	tricyclazole	24084639
ARO:3009184	48029	mebendazole	35149760
ARO:3009185	48030	azoxystrobin	9850581;8206299
ARO:3009186	48032	boscalid	35430062;30731698;24481672;21469935
ARO:3009187	48033	bromuconazole	15146917
ARO:3009188	48034	cycloheximide	9271421
ARO:3009189	48035	cyproconazole	23589453
ARO:3009190	48036	difenoconazole	26863444
ARO:3009191	48037	epoxiconazole	29507067
ARO:3009201	48048	Aspergillus fumigatus cyp51a with mutations conferring resistance to voriconazole	25896700;40790106
ARO:3009202	48049	Aspergillus fumigatus cyp51a with mutations conferring resistance to itraconazole	12709346;12604551
ARO:3009207	48054	Candida glabrata FKS2 with mutations conferring resistance to anidulafungin	27069849;31111912;29228268;20145084;22354305;37233226;34575729;32661647;31354675;30629653;22751546;20837754;22948870;35412354;28784671;26392494;24829248;24126582;31520783;30895218;27872063;24890592;23487382;34699784;19546367
ARO:3009208	48055	Candida glabrata FKS2 with mutations conferring resistance to caspofungin	20038613;32277126;24153129;31111912;20145084;22354305;37233226;32661647;30629653;22751546;20837754;22948870;35412354;28784671;26392494;24829248;24126582;31520783;30895218;24890592;23487382;22615574;19546367
ARO:3009212	48059	fenbuconazole	30870889
ARO:3009213	48060	Candida auris ERG11 lanosterol 14-alpha-demethylase with mutations conferring resistance to fluconazole	39472696;37026059;34060660;30082281;29593275;27988485;34633842;40790106
ARO:3009220	48067	Candida auris Erg11 lanosterol 14-alpha-demethylase with mutations associated with resistance to posaconazole	39472696;29593275
ARO:3009221	48068	Candida auris Erg11 lanosterol 14-alpha-demethylase with mutations associated with resistance to voriconazole	30082281;29593275;34633842
ARO:3009231	48078	Candida glabrata FKS1 beta-1,3-glucan with mutations conferring resistance to caspofungin	36106428;18378714;26017039;24153129;31111912;20145084;22354305;32661647;30629653;22751546;20837754;22948870;35412354;28784671;26392494;24829248;24126582;31520783;30895218;24890592;23487382;19546367
ARO:3009232	48079	Candida glabrata FKS1 beta-1,3-glucan synthase with mutations conferring resistance to micafungin	36106428;18378714;26017039;24153129;31111912;20145084;22354305;37233226;32661647;30629653;22751546;20837754;22948870;28784671;26392494;24829248;24126582;31520783;30895218;24890592;23487382;19546367
ARO:0000049	35966	kanamycin A	11083623;8385262;10103173
ARO:3002638	39038	APH(3'')-Ia	2167474
ARO:3000006	36015	vanH	1931965;9177243
ARO:3000007	36016	beta-lactam antibiotic	3889939
ARO:3000252	36391	Mutant porin Omp36 with reduced permeability to beta-lactams	15081418;11454211
ARO:3002370	38770	VEB-1	10427724;10049269
ARO:3000171	36310	diaminopyrimidine antibiotic	8195830
ARO:3002641	39041	APH(3')-Ia	2160941;10732668;6270337
ARO:3000488	36627	telavancin	19401479;19436839;18671473
ARO:3001116	37496	SHV-61	19272757
ARO:3001119	37499	SHV-64	17288792
ARO:3001152	37532	SHV-103	18620848
ARO:3001159	37539	SHV-110	27598630;19343954
ARO:3000731	37111	elongation factor Tu	9678602;364475
ARO:3003231	39815	Lipid II	25291014
ARO:3000457	36596	aminocoumarin resistant parE	16127057
ARO:0000024	35943	butirosin	11083623;8385262;10103173
ARO:0000055	35972	bicyclomycin	7487110;16181146
ARO:0000056	35973	oxacillin	7928809
ARO:3000947	37327	TEM-80	11959543
ARO:3000631	36975	bacitracin F	6752975
ARO:3000692	37036	bleomycin B2	15700963
ARO:3001224	37623	mycinamicin	7410205
ARO:3003516	40118	Mycobacteroides chelonae 16S rRNA mutation conferring resistance to tobramycin	9607835
ARO:3003518	40120	Mycobacteroides chelonae 16S rRNA mutation conferring resistance to neomycin	9607835
ARO:3002983	39417	amrB	24393536;10582892
ARO:3000136	36275	edeine F	6615592
ARO:3002573	38973	AAC(6')-Iae	16127047
ARO:3001194	37574	SHV-155	23587957
ARO:3002741	39175	QnrB26	23844849
ARO:3003359	39943	Streptomyces cinnamoneus EF-Tu mutants conferring resistance to elfamycin	9043138
ARO:3003360	39944	Planobispora rosea EF-Tu mutants conferring resistance to elfamycin	8899707
ARO:3000672	37016	madumycin II	15700955
ARO:3007854	46644	Mycobacterium tuberculosis atpE with mutation conferring resistance to bedaquiline			978-92-4-008241-0
ARO:3007855	46645	CHM-1	37047008
ARO:3007856	46646	CHM beta-lactamase	37047008
ARO:3007857	46647	KPC-134	37772834
ARO:3007858	46648	BIM beta-lactamase	37038995
ARO:3007859	46649	BIM-1	37038995
ARO:3007860	46650	DYB beta-lactamase	39009111
ARO:3007861	46651	DYB-1	39009111
ARO:3007863	46654	ASU1 beta-lactamase	36626997
ARO:3007864	46655	B3SU1 beta-lactamase	36626997
ARO:3007865	46656	B3SU2 beta-lactamase	36626997
ARO:3007867	46658	BOR beta-lactamase	15917575
ARO:3007870	46661	HER beta-lactamase	12878539
ARO:3007872	46663	PAD beta-lactamase	28827656
ARO:3007874	46665	PEN-B beta-lactamase	19075063
ARO:3007878	46669	RSC1 beta-lactamase	29316517
ARO:3007879	46670	RSD1	29316517
ARO:3007880	46671	SED beta-lactamase	11451687
ARO:3007881	46672	SFDC beta-lactamase	34227210
ARO:3008230	47022	KLUG-1	12435721
ARO:3009135	47965	Antibiotic Resistance Platform (ARP)	31680676;28017602
ARO:3009136	47966	Minimal Antibiotic Resistance Platform (mARP)	31680676;28017602
ARO:3009137	47967	Biocurator	22434828;38271296
ARO:3009138	47968	5-Fluorouracil	20823283
ARO:3009140	47970	ReSeqTB	30337678
ARO:3009141	47971	CRyPTIC	35944069
ARO:3009142	47972	WHO TB mutation catalog, Second Edition			978-92-4-008241-0
ARO:3009158	47995	Human Genome Variation Society (HGVS) Nomenclature	26931183;39702242
ARO:3009159	47996	bifonazole	27799210
ARO:3009160	48005	5-fluorocytosine	14274962
ARO:3009161	48006	benomyl	34152819
ARO:3009162	48007	ravuconazole	18775650
ARO:3009163	48008	pyrimethamine	11512524;24543765
ARO:3009164	48009	pyrifenox	10919801
ARO:3009166	48011	fluxapyroxad	23593940
ARO:3009167	48012	fludioxinil	10552734;9241848
ARO:3009168	48013	isopyrazam	35973770
ARO:3009169	48014	triflumizole	10919801
ARO:3009170	48015	myxothiazole	2547800
ARO:3009171	48016	oxpoconazole	12324349
ARO:3009172	48017	arborcandin C	11132955
ARO:3009173	48018	butenafine	2056447;2073116
ARO:3009174	48019	tolnaftate	14287998
ARO:3009175	48020	carbendazim	4850738
ARO:3009176	48021	brefeldin A	13967812;13541371
ARO:3009339	48197	Mycobacterium tuberculosis fbiA with mutation conferring resistance to delamanid			978-92-4-008241-0
ARO:3009340	48198	Mycobacterium tuberculosis fbiB with mutation conferring resistance to delamanid			978-92-4-008241-0
ARO:3009341	48199	Mycobacterium tuberculosis fbiC with mutation conferring resistance to delamanid			978-92-4-008241-0
ARO:3009343	48201	Cryptococcus neoformans AFR1 with mutations conferring resistance against fluconazole	12519188
ARO:3009345	48203	Mycobacterium tuberculosis 23S rRNA with mutation conferring resistance to linezolid			978-92-4-008241-0
ARO:3009347	48205	Saccharomyces cerevisiae ATP1 with mutations conferring resistance to clotrimazole	40790106
ARO:3009350	48208	Saccharomyces cerevisiae ATP2 with mutations conferring resistance to clotrimazole	40790106
ARO:3009353	48211	tacrolimus	31537789
ARO:3009372	48230	Nakaseomyces glabratus MRPL11 mutations with resistance to caspofungin	40790106
ARO:3009383	48241	phenamacril	32163521
ARO:3009390	48248	Nakaseomyces glabratus Cdc6 with mutations conferring resistance against caspofungin	22615574;40790106
ARO:3009393	48251	Candida auris ERG11 lanosterol 14-alpha-demethylase with mutations conferring resistance to itraconazole	29593275;34633842
ARO:3009394	48252	Candida auris ERG11 lanosterol 14-alpha-demethylase with mutations conferring resistance against amphotericin B	39472696;29593275
ARO:3009395	48253	Candida auris ERG11 lanosterol 14-alpha-demethylase with mutations conferring resistance against caspofungin	29593275
ARO:3009396	48254	Pichia kudriavzevii ERG11 lanosterol 14-alpha-demethylase with mutations conferring resistance to fluconazole	24867987;40790106
ARO:3009397	48255	Candida glabrata ERG11 lanosterol 14-alpha-demethylase with mutations conferring resistance to fluconazole	39354378;25132632;34699784;40790106
ARO:3009398	48256	Candida glabrata ERG11 with mutations conferring resistance to posaconazole	25132632
ARO:3009399	48257	Pichia kudriavzevii ERG11 with mutations conferring resistance to voriconazole	24867987
ARO:3009400	48258	Zymoseptoria tritici Cyp51 with mutations conferring resistance to epoxiconazole	21478305;20305029
ARO:3009402	48260	Zymoseptoria tritici Cyp51 with mutations conferring resistance to propiconazole	17511023;21478305
ARO:3009403	48261	Zymoseptoria tritici Cyp51 with mutations conferring resistance to tebuconazole	20507496;21478305;20305029
ARO:3009404	48262	Zymoseptoria tritici Cyp51 with mutations conferring resistance to triflumazole	17511023
ARO:3009405	48263	Zymoseptoria tritici Cyp51 with mutations conferring resistance to carbendazim	17511023
ARO:3009406	48264	Mycosphaerella fijiensis Cyp51a with mutations conferring resistance to propiconazole	19418481
ARO:3009407	48265	Ustilaginoidea virens Cyp51 with mutations conferring resistance to tebuconazole	26631591;40790106
ARO:3009408	48266	flusilazole	33357544
ARO:3009409	48267	Zymoseptoria tritici Cyp51 with mutations conferring resistance to flusilazole	17511023
ARO:3009410	48268	prothioconazole	23275516
ARO:3009411	48269	Zymoseptoria tritici Cyp51 with mutations conferring resistance to prothioconazole	21478305
ARO:3009412	48270	Candida glabrata FKS2 with mutations conferring resistance to fluconazole	30629653;24126582;24890592;23487382;27020939
ARO:3009423	48281	Saccharomyces cerevisiae FKS1 beta-1,3-D-glucan synthase with mutations conferring resistance to anidulafungin	21576441;18443110
ARO:3009432	48290	thiabendazole	26969433;19854306
ARO:3009437	48295	Candida albicans CDR1 with mutations conferring resistance to tacrolimus	40790106
ARO:3009455	48313	prochloraz	16466539
ARO:3009486	48344	Fusarium graminearum Cyp51B with mutations conferring resistance to voriconazole	40790106
ARO:3009534	48392	Puccinia triticina Cyp51 with mutations conferring resistance to epoxiconazole	40790106
ARO:3009552	48410	fluopyram	32216079
ARO:3009553	48411	myclobutanil	33080784
ARO:3009554	48412	imazalil	29507067
ARO:3009559	48417	Candida albicans FKS1 beta-1,3-glucan with mutations conferring resistance to fluconazole	40790106
ARO:3002570	38970	AAC(6')-Iz	10508008
ARO:3000996	37376	TEM-132	15980402
ARO:3001000	37380	TEM-136	16531430
ARO:3002523	38923	AAC(2')-Ia	8407825
ARO:3000253	36392	glycopeptide resistance gene cluster VanD	11344152;12499162;9303405;16323116
ARO:3003045	39479	qac	12820795
ARO:3000271	36410	determinant of fosfomycin resistance	12936984;19862477
ARO:3000272	36411	linA	15980341
ARO:3003306	39890	Morganella morganii gyrB conferring resistance to fluoroquinolones	25106550
ARO:3002727	39161	QnrB13	18725444
ARO:3002640	39040	APH(3'')-Ic	16954315
ARO:3002373	38773	VEB-4	18292096
ARO:3001130	37510	SHV-76	19272757
ARO:3001132	37512	SHV-78	19272757
ARO:3001143	37523	SHV-91	17913717
ARO:3002487	38887	LRA-8	18843302
ARO:3003512	40114	Salmonella enterica 16S rRNA (rrsD) mutation conferring resistance to spectinomycin	12402084
ARO:3003513	40115	Mycobacterium chelonae 16S rRNA mutation conferring resistance to aminoglycosides	9607835
ARO:3003514	40116	Mycobacteroides chelonae 16S rRNA mutation conferring resistance to amikacin	9607835
ARO:3002925	39359	vanR gene in vanF cluster	15980329
ARO:3002936	39370	vanS gene in vanF cluster	15980329
ARO:3001337	37737	SHV-99	27598630;21415202
ARO:3002819	39253	msrC	11120975
ARO:3002760	39194	QnrB45	23162539
ARO:3000134	36273	edeine B	20410587;70202;4984939
ARO:3003022	39456	dfrB3	22507248
ARO:3000713	37093	nucleic acid targeted by antibiotic	15685195
ARO:3001320	37719	SB22484	2272911
ARO:3001321	37720	UK-69,753	2584145
ARO:3000755	37135	antibiotic sensitive 16S rRNA	9662506
ARO:3000756	37136	30S ribosomal subunit P-site	15755955
ARO:3002047	38447	CMY-36	19104021
ARO:3001459	37859	OXA-154	26349828
ARO:3000478	36617	tet(33)	12383729
ARO:3000719	37099	bacitracin sensitive isoprenyl pyrophosphate	4332017;4350651;6752975;18258256
ARO:3000720	37100	acyl-D-alanyl-D-alanine	18258256
ARO:3000745	37125	antibiotic sensitive dihydrofolate reductase	12781525
ARO:3002215	38615	IMP-24	18804966
ARO:3002575	38975	AAC(6')-Iai	26270859
ARO:3003059	39493	tmrB	7766032
ARO:3000701	37045	lividomycin B	4586150;5034809
ARO:0000050	35967	streptogramin B antibiotic	15700955;9746015;10582867
ARO:3003442	40035	DrrAB	9006006;9651400;19063901;24634217
ARO:3003196	39779	tet(45)	22001175;23595824
ARO:3003197	39780	aadA25	22001175
ARO:3003198	39781	rmtH	23478957
ARO:3003199	39782	AAC(6')-Iak	25092711
ARO:3003202	39786	TLA-1	15095209
ARO:3003203	39787	TLA-2	16251326
ARO:3003204	39788	TLA-3	25576529
ARO:3003205	39789	Erm(43)	22733067
ARO:3003206	39790	lsaE	21245447;23386262
ARO:3000126	36265	APH(3')	9200607;8385262
ARO:3003387	39971	Streptococcus pyogenes folP with mutation conferring resistance to sulfonamides	9593127
ARO:3009233	48080	Candida glabrata FKS1 with mutations conferring resistance to anidulafungin	36106428;18378714;26017039;31111912;20145084;22354305;37233226;32661647;30629653;22751546;20837754;22948870;35412354;28784671;26392494;24829248;24126582;31520783;30895218;24890592;23487382;34699784;19546367
ARO:3009237	48084	Aspergillus fumigatus Hmg1 with mutations conferring resistance to isavuconazole	38684680;34641518;37140376;33941517;30940706
ARO:3009239	48086	Candida albicans mrr2 with mutations associated with resistance to fluconazole	40790106
ARO:3009287	48134	Pichia kudriavzevii Fks1 beta-1,3-glucan synthase with mutations associated with resistance to anidulafungin	40790106
ARO:3009302	48149	metconazole	11282607
ARO:3009304	48151	pyraclostrobin	12226492
ARO:3009306	48153	benzothiostrobin		10.1111/ppa.13372
ARO:3009307	48154	kresoxim-methyl	8206296;8206295;9850581
ARO:3009308	48155	flutriafol	10879820
ARO:3009315	48163	klebsazolicin	28846667
ARO:3009320	48168	Botrytis cinerea beta-tubulin with mutations conferring resistance against carbendazim	18944187
ARO:3009324	48181	botrytis cinerea beta-tubulin with mutations conferring resistance against diethofencarb	18944187
ARO:3009333	48190	Mycobacterium tuberculosis eis with mutation conferring resistance to amikacin			978-92-4-008241-0
ARO:3009335	48192	Mycobacterium tuberculosis Rv2535c with mutation conferring resistance to clofazimine			978-92-4-008241-0
ARO:3009337	48195	Escherichia coli PBP2-like mrdA with mutation conferring resistance to durlobactam	41071106
ARO:3000895	37275	TEM-25	1929316;7840586
ARO:3002067	38467	CMY-56	22956023
ARO:3002071	38471	CMY-110	24709044
ARO:3000900	37280	TEM-30	33416461;1490918;8056297
ARO:3000905	37285	TEM-35	25779568;8067742
ARO:3000912	37292	TEM-43	9661002
ARO:3002572	38972	AAC(6')-Iad	15155202
ARO:3002639	39039	APH(3'')-Ib	2653965
ARO:3002372	38772	VEB-3	15695687
ARO:3000205	36344	tet(X)	16128584;15452119;21402075;1846135
ARO:3000969	37349	TEM-106	11959586
ARO:3001765	38165	OXA-136	18719182
ARO:3003559	40165	cepA	7517394
ARO:3000240	36379	determinant of streptogramin resistance	9427556;1644314;12019099
ARO:3002861	39295	dfrA5	12183252
ARO:3002862	39296	dfrA7	19229487
ARO:3002340	38740	GES-11	19451292
ARO:3001374	37774	TEM-185	22491692
ARO:3001761	38161	OXA-306	24277043
ARO:3002527	38927	AAC(2')-Ie	9159528
ARO:3000885	37265	TEM-13	9925535
ARO:3003314	39898	Staphylococcus aureus parE conferring resistance to aminocoumarin	16127057
ARO:3002432	38832	OKP-A-15	22143810
ARO:3002669	39069	APH(2'')-Ig	23959310
ARO:3000767	37147	avoparcin	2532132;9458981
ARO:3000580	36719	SPM beta-lactamase	12951331;12407123;16239284
ARO:3001984	38384	CTX-M-125	24040123
ARO:3000534	36673	rifapentine	15700959
ARO:3002574	38974	AAC(6')-Iaf	19349516
ARO:3000856	37236	BJP-1	16723554
ARO:3002991	39425	AER-14	9068648
ARO:3002642	39042	APH(3')-Ib	2832861
ARO:3000158	36297	azithromycin	1662624
ARO:3002576	38976	AAC(6')-Ib3	1331747;9527761
ARO:3003386	39970	Escherichia coli folP with mutation conferring resistance to sulfonamides	9449266
ARO:3003443	40036	antibiotic resistant tlyA	15673735
